feature,k1,k2,dropout1,dropout2,batch_size,lr,test_acc
MFCC,32,64,0.2,0.3,16,0.01,68.75
MFCC,32,64,0.2,0.3,16,0.001,68.87886597938144
MFCC,32,64,0.2,0.3,16,0.0001,68.36340206185567
MFCC,32,64,0.2,0.3,32,0.01,68.10567010309278
MFCC,32,64,0.2,0.3,32,0.001,59.5360824742268
MFCC,32,64,0.2,0.3,32,0.0001,68.29896907216495
MFCC,32,64,0.2,0.3,64,0.01,68.36340206185567
MFCC,32,64,0.2,0.3,64,0.001,68.55670103092784
MFCC,32,64,0.2,0.3,64,0.0001,68.36340206185567
MFCC,32,64,0.2,0.4,16,0.01,68.36340206185567
MFCC,32,64,0.2,0.4,16,0.001,69.78092783505154
MFCC,32,64,0.2,0.4,16,0.0001,68.62113402061856
MFCC,32,64,0.2,0.4,32,0.01,68.68556701030928
MFCC,32,64,0.2,0.4,32,0.001,69.13659793814433
MFCC,32,64,0.2,0.4,32,0.0001,68.36340206185567
MFCC,32,64,0.2,0.4,64,0.01,68.29896907216495
MFCC,32,64,0.2,0.4,64,0.001,64.23969072164948
MFCC,32,64,0.2,0.4,64,0.0001,68.29896907216495
MFCC,32,64,0.3,0.3,16,0.01,68.29896907216495
MFCC,32,64,0.3,0.3,16,0.001,70.87628865979381
MFCC,32,64,0.3,0.3,16,0.0001,68.55670103092784
MFCC,32,64,0.3,0.3,32,0.01,68.36340206185567
MFCC,32,64,0.3,0.3,32,0.001,69.97422680412372
MFCC,32,64,0.3,0.3,32,0.0001,68.29896907216495
MFCC,32,64,0.3,0.3,64,0.01,68.68556701030928
MFCC,32,64,0.3,0.3,64,0.001,68.62113402061856
MFCC,32,64,0.3,0.3,64,0.0001,68.29896907216495
MFCC,32,64,0.3,0.4,16,0.01,68.10567010309278
MFCC,32,64,0.3,0.4,16,0.001,71.3917525773196
MFCC,32,64,0.3,0.4,16,0.0001,68.4278350515464
MFCC,32,64,0.3,0.4,32,0.01,68.49226804123711
MFCC,32,64,0.3,0.4,32,0.001,69.3298969072165
MFCC,32,64,0.3,0.4,32,0.0001,68.29896907216495
MFCC,32,64,0.3,0.4,64,0.01,68.62113402061856
MFCC,32,64,0.3,0.4,64,0.001,67.8479381443299
MFCC,32,64,0.3,0.4,64,0.0001,68.29896907216495
MFCC,32,128,0.2,0.3,16,0.01,70.48969072164948
MFCC,32,128,0.2,0.3,16,0.001,71.32731958762886
MFCC,32,128,0.2,0.3,16,0.0001,68.81443298969072
MFCC,32,128,0.2,0.3,32,0.01,68.04123711340206
MFCC,32,128,0.2,0.3,32,0.001,70.16752577319588
MFCC,32,128,0.2,0.3,32,0.0001,68.1701030927835
MFCC,32,128,0.2,0.3,64,0.01,68.36340206185567
MFCC,32,128,0.2,0.3,64,0.001,69.52319587628865
MFCC,32,128,0.2,0.3,64,0.0001,68.23453608247422
MFCC,32,128,0.2,0.4,16,0.01,68.4278350515464
MFCC,32,128,0.2,0.4,16,0.001,71.19845360824742
MFCC,32,128,0.2,0.4,16,0.0001,68.49226804123711
MFCC,32,128,0.2,0.4,32,0.01,68.49226804123711
MFCC,32,128,0.2,0.4,32,0.001,70.10309278350516
MFCC,32,128,0.2,0.4,32,0.0001,68.36340206185567
MFCC,32,128,0.2,0.4,64,0.01,68.75
MFCC,32,128,0.2,0.4,64,0.001,69.90979381443299
MFCC,32,128,0.2,0.4,64,0.0001,68.29896907216495
MFCC,32,128,0.3,0.3,16,0.01,68.29896907216495
MFCC,32,128,0.3,0.3,16,0.001,70.03865979381443
MFCC,32,128,0.3,0.3,16,0.0001,68.68556701030928
MFCC,32,128,0.3,0.3,32,0.01,68.36340206185567
MFCC,32,128,0.3,0.3,32,0.001,70.48969072164948
MFCC,32,128,0.3,0.3,32,0.0001,68.1701030927835
MFCC,32,128,0.3,0.3,64,0.01,68.29896907216495
MFCC,32,128,0.3,0.3,64,0.001,69.3298969072165
MFCC,32,128,0.3,0.3,64,0.0001,68.36340206185567
MFCC,32,128,0.3,0.4,16,0.01,68.49226804123711
MFCC,32,128,0.3,0.4,16,0.001,70.94072164948453
MFCC,32,128,0.3,0.4,16,0.0001,68.49226804123711
MFCC,32,128,0.3,0.4,32,0.01,68.49226804123711
MFCC,32,128,0.3,0.4,32,0.001,71.90721649484536
MFCC,32,128,0.3,0.4,32,0.0001,68.29896907216495
MFCC,32,128,0.3,0.4,64,0.01,64.94845360824742
MFCC,32,128,0.3,0.4,64,0.001,67.8479381443299
MFCC,32,128,0.3,0.4,64,0.0001,68.29896907216495
MFCC,32,256,0.2,0.3,16,0.01,68.29896907216495
MFCC,32,256,0.2,0.3,16,0.001,70.74742268041237
MFCC,32,256,0.2,0.3,16,0.0001,68.49226804123711
MFCC,32,256,0.2,0.3,32,0.01,68.29896907216495
MFCC,32,256,0.2,0.3,32,0.001,68.87886597938144
MFCC,32,256,0.2,0.3,32,0.0001,68.49226804123711
MFCC,32,256,0.2,0.3,64,0.01,68.29896907216495
MFCC,32,256,0.2,0.3,64,0.001,70.61855670103093
MFCC,32,256,0.2,0.3,64,0.0001,68.4278350515464
MFCC,32,256,0.2,0.4,16,0.01,68.23453608247422
MFCC,32,256,0.2,0.4,16,0.001,71.97164948453609
MFCC,32,256,0.2,0.4,16,0.0001,68.55670103092784
MFCC,32,256,0.2,0.4,32,0.01,68.10567010309278
MFCC,32,256,0.2,0.4,32,0.001,71.19845360824742
MFCC,32,256,0.2,0.4,32,0.0001,68.4278350515464
MFCC,32,256,0.2,0.4,64,0.01,68.23453608247422
MFCC,32,256,0.2,0.4,64,0.001,70.48969072164948
MFCC,32,256,0.2,0.4,64,0.0001,68.36340206185567
MFCC,32,256,0.3,0.3,16,0.01,68.29896907216495
MFCC,32,256,0.3,0.3,16,0.001,71.1340206185567
MFCC,32,256,0.3,0.3,16,0.0001,68.4278350515464
MFCC,32,256,0.3,0.3,32,0.01,67.71907216494846
MFCC,32,256,0.3,0.3,32,0.001,71.1340206185567
MFCC,32,256,0.3,0.3,32,0.0001,68.36340206185567
MFCC,32,256,0.3,0.3,64,0.01,68.29896907216495
MFCC,32,256,0.3,0.3,64,0.001,68.87886597938144
MFCC,32,256,0.3,0.3,64,0.0001,68.36340206185567
MFCC,32,256,0.3,0.4,16,0.01,68.29896907216495
MFCC,32,256,0.3,0.4,16,0.001,70.61855670103093
MFCC,32,256,0.3,0.4,16,0.0001,68.36340206185567
MFCC,32,256,0.3,0.4,32,0.01,68.36340206185567
MFCC,32,256,0.3,0.4,32,0.001,70.68298969072166
MFCC,32,256,0.3,0.4,32,0.0001,68.4278350515464
MFCC,32,256,0.3,0.4,64,0.01,68.23453608247422
MFCC,32,256,0.3,0.4,64,0.001,69.97422680412372
MFCC,32,256,0.3,0.4,64,0.0001,68.23453608247422
MFCC,64,64,0.2,0.3,16,0.01,70.03865979381443
MFCC,64,64,0.2,0.3,16,0.001,69.58762886597938
MFCC,64,64,0.2,0.3,16,0.0001,68.49226804123711
MFCC,64,64,0.2,0.3,32,0.01,68.29896907216495
MFCC,64,64,0.2,0.3,32,0.001,68.94329896907216
MFCC,64,64,0.2,0.3,32,0.0001,68.4278350515464
MFCC,64,64,0.2,0.3,64,0.01,68.29896907216495
MFCC,64,64,0.2,0.3,64,0.001,68.49226804123711
MFCC,64,64,0.2,0.3,64,0.0001,68.29896907216495
MFCC,64,64,0.2,0.4,16,0.01,68.29896907216495
MFCC,64,64,0.2,0.4,16,0.001,70.8118556701031
MFCC,64,64,0.2,0.4,16,0.0001,68.94329896907216
MFCC,64,64,0.2,0.4,32,0.01,68.29896907216495
MFCC,64,64,0.2,0.4,32,0.001,69.00773195876289
MFCC,64,64,0.2,0.4,32,0.0001,68.68556701030928
MFCC,64,64,0.2,0.4,64,0.01,68.29896907216495
MFCC,64,64,0.2,0.4,64,0.001,67.91237113402062
MFCC,64,64,0.2,0.4,64,0.0001,68.29896907216495
MFCC,64,64,0.3,0.3,16,0.01,68.29896907216495
MFCC,64,64,0.3,0.3,16,0.001,70.94072164948453
MFCC,64,64,0.3,0.3,16,0.0001,68.4278350515464
MFCC,64,64,0.3,0.3,32,0.01,68.29896907216495
MFCC,64,64,0.3,0.3,32,0.001,69.52319587628865
MFCC,64,64,0.3,0.3,32,0.0001,68.1701030927835
MFCC,64,64,0.3,0.3,64,0.01,68.29896907216495
MFCC,64,64,0.3,0.3,64,0.001,68.36340206185567
MFCC,64,64,0.3,0.3,64,0.0001,68.29896907216495
MFCC,64,64,0.3,0.4,16,0.01,68.29896907216495
MFCC,64,64,0.3,0.4,16,0.001,67.07474226804123
MFCC,64,64,0.3,0.4,16,0.0001,67.52577319587628
MFCC,64,64,0.3,0.4,32,0.01,68.29896907216495
MFCC,64,64,0.3,0.4,32,0.001,68.81443298969072
MFCC,64,64,0.3,0.4,32,0.0001,68.4278350515464
MFCC,64,64,0.3,0.4,64,0.01,68.29896907216495
MFCC,64,64,0.3,0.4,64,0.001,68.4278350515464
MFCC,64,64,0.3,0.4,64,0.0001,68.29896907216495
MFCC,64,128,0.2,0.3,16,0.01,68.29896907216495
MFCC,64,128,0.2,0.3,16,0.001,71.45618556701031
MFCC,64,128,0.2,0.3,16,0.0001,68.87886597938144
MFCC,64,128,0.2,0.3,32,0.01,68.29896907216495
MFCC,64,128,0.2,0.3,32,0.001,69.52319587628865
MFCC,64,128,0.2,0.3,32,0.0001,68.36340206185567
MFCC,64,128,0.2,0.3,64,0.01,68.29896907216495
MFCC,64,128,0.2,0.3,64,0.001,68.4278350515464
MFCC,64,128,0.2,0.3,64,0.0001,68.81443298969072
MFCC,64,128,0.2,0.4,16,0.01,70.61855670103093
MFCC,64,128,0.2,0.4,16,0.001,71.06958762886597
MFCC,64,128,0.2,0.4,16,0.0001,69.20103092783505
MFCC,64,128,0.2,0.4,32,0.01,68.29896907216495
MFCC,64,128,0.2,0.4,32,0.001,70.68298969072166
MFCC,64,128,0.2,0.4,32,0.0001,69.0721649484536
MFCC,64,128,0.2,0.4,64,0.01,68.29896907216495
MFCC,64,128,0.2,0.4,64,0.001,69.71649484536083
MFCC,64,128,0.2,0.4,64,0.0001,68.55670103092784
MFCC,64,128,0.3,0.3,16,0.01,68.29896907216495
MFCC,64,128,0.3,0.3,16,0.001,71.32731958762886
MFCC,64,128,0.3,0.3,16,0.0001,68.4278350515464
MFCC,64,128,0.3,0.3,32,0.01,68.81443298969072
MFCC,64,128,0.3,0.3,32,0.001,71.32731958762886
MFCC,64,128,0.3,0.3,32,0.0001,68.29896907216495
MFCC,64,128,0.3,0.3,64,0.01,68.29896907216495
MFCC,64,128,0.3,0.3,64,0.001,69.97422680412372
MFCC,64,128,0.3,0.3,64,0.0001,68.29896907216495
MFCC,64,128,0.3,0.4,16,0.01,68.29896907216495
MFCC,64,128,0.3,0.4,16,0.001,70.68298969072166
MFCC,64,128,0.3,0.4,16,0.0001,69.20103092783505
MFCC,64,128,0.3,0.4,32,0.01,68.29896907216495
MFCC,64,128,0.3,0.4,32,0.001,69.45876288659794
MFCC,64,128,0.3,0.4,32,0.0001,68.81443298969072
MFCC,64,128,0.3,0.4,64,0.01,68.29896907216495
MFCC,64,128,0.3,0.4,64,0.001,68.4278350515464
MFCC,64,128,0.3,0.4,64,0.0001,68.36340206185567
MFCC,64,256,0.2,0.3,16,0.01,68.29896907216495
MFCC,64,256,0.2,0.3,16,0.001,71.90721649484536
MFCC,64,256,0.2,0.3,16,0.0001,69.45876288659794
MFCC,64,256,0.2,0.3,32,0.01,68.29896907216495
MFCC,64,256,0.2,0.3,32,0.001,70.03865979381443
MFCC,64,256,0.2,0.3,32,0.0001,68.75
MFCC,64,256,0.2,0.3,64,0.01,68.29896907216495
MFCC,64,256,0.2,0.3,64,0.001,70.29639175257732
MFCC,64,256,0.2,0.3,64,0.0001,68.23453608247422
MFCC,64,256,0.2,0.4,16,0.01,68.62113402061856
MFCC,64,256,0.2,0.4,16,0.001,71.00515463917526
MFCC,64,256,0.2,0.4,16,0.0001,69.3298969072165
MFCC,64,256,0.2,0.4,32,0.01,68.29896907216495
MFCC,64,256,0.2,0.4,32,0.001,71.06958762886597
MFCC,64,256,0.2,0.4,32,0.0001,68.49226804123711
MFCC,64,256,0.2,0.4,64,0.01,68.29896907216495
MFCC,64,256,0.2,0.4,64,0.001,68.55670103092784
MFCC,64,256,0.2,0.4,64,0.0001,68.29896907216495
MFCC,64,256,0.3,0.3,16,0.01,68.29896907216495
MFCC,64,256,0.3,0.3,16,0.001,70.48969072164948
MFCC,64,256,0.3,0.3,16,0.0001,68.55670103092784
MFCC,64,256,0.3,0.3,32,0.01,68.29896907216495
MFCC,64,256,0.3,0.3,32,0.001,71.3917525773196
MFCC,64,256,0.3,0.3,32,0.0001,68.29896907216495
MFCC,64,256,0.3,0.3,64,0.01,68.29896907216495
MFCC,64,256,0.3,0.3,64,0.001,68.62113402061856
MFCC,64,256,0.3,0.3,64,0.0001,68.75
MFCC,64,256,0.3,0.4,16,0.01,68.29896907216495
MFCC,64,256,0.3,0.4,16,0.001,72.22938144329896
MFCC,64,256,0.3,0.4,16,0.0001,68.75
MFCC,64,256,0.3,0.4,32,0.01,68.29896907216495
MFCC,64,256,0.3,0.4,32,0.001,69.84536082474227
MFCC,64,256,0.3,0.4,32,0.0001,68.94329896907216
MFCC,64,256,0.3,0.4,64,0.01,68.29896907216495
MFCC,64,256,0.3,0.4,64,0.001,69.52319587628865
MFCC,64,256,0.3,0.4,64,0.0001,68.36340206185567
MFCC,128,64,0.2,0.3,16,0.01,68.29896907216495
MFCC,128,64,0.2,0.3,16,0.001,69.97422680412372
MFCC,128,64,0.2,0.3,16,0.0001,68.87886597938144
MFCC,128,64,0.2,0.3,32,0.01,68.29896907216495
MFCC,128,64,0.2,0.3,32,0.001,68.29896907216495
MFCC,128,64,0.2,0.3,32,0.0001,68.87886597938144
MFCC,128,64,0.2,0.3,64,0.01,68.29896907216495
MFCC,128,64,0.2,0.3,64,0.001,68.55670103092784
MFCC,128,64,0.2,0.3,64,0.0001,68.29896907216495
MFCC,128,64,0.2,0.4,16,0.01,68.29896907216495
MFCC,128,64,0.2,0.4,16,0.001,69.0721649484536
MFCC,128,64,0.2,0.4,16,0.0001,68.81443298969072
MFCC,128,64,0.2,0.4,32,0.01,68.29896907216495
MFCC,128,64,0.2,0.4,32,0.001,69.20103092783505
MFCC,128,64,0.2,0.4,32,0.0001,68.81443298969072
MFCC,128,64,0.2,0.4,64,0.01,68.29896907216495
MFCC,128,64,0.2,0.4,64,0.001,68.49226804123711
MFCC,128,64,0.2,0.4,64,0.0001,68.55670103092784
MFCC,128,64,0.3,0.3,16,0.01,68.29896907216495
MFCC,128,64,0.3,0.3,16,0.001,70.61855670103093
MFCC,128,64,0.3,0.3,16,0.0001,68.55670103092784
MFCC,128,64,0.3,0.3,32,0.01,68.29896907216495
MFCC,128,64,0.3,0.3,32,0.001,69.20103092783505
MFCC,128,64,0.3,0.3,32,0.0001,67.97680412371135
MFCC,128,64,0.3,0.3,64,0.01,68.29896907216495
MFCC,128,64,0.3,0.3,64,0.001,68.29896907216495
MFCC,128,64,0.3,0.3,64,0.0001,68.23453608247422
MFCC,128,64,0.3,0.4,16,0.01,68.29896907216495
MFCC,128,64,0.3,0.4,16,0.001,68.87886597938144
MFCC,128,64,0.3,0.4,16,0.0001,68.68556701030928
MFCC,128,64,0.3,0.4,32,0.01,68.29896907216495
MFCC,128,64,0.3,0.4,32,0.001,69.78092783505154
MFCC,128,64,0.3,0.4,32,0.0001,68.87886597938144
MFCC,128,64,0.3,0.4,64,0.01,68.29896907216495
MFCC,128,64,0.3,0.4,64,0.001,68.75
MFCC,128,64,0.3,0.4,64,0.0001,68.36340206185567
MFCC,128,128,0.2,0.3,16,0.01,68.29896907216495
MFCC,128,128,0.2,0.3,16,0.001,68.75
MFCC,128,128,0.2,0.3,16,0.0001,69.45876288659794
MFCC,128,128,0.2,0.3,32,0.01,68.29896907216495
MFCC,128,128,0.2,0.3,32,0.001,70.61855670103093
MFCC,128,128,0.2,0.3,32,0.0001,68.4278350515464
MFCC,128,128,0.2,0.3,64,0.01,68.29896907216495
MFCC,128,128,0.2,0.3,64,0.001,69.0721649484536
MFCC,128,128,0.2,0.3,64,0.0001,68.68556701030928
MFCC,128,128,0.2,0.4,16,0.01,68.29896907216495
MFCC,128,128,0.2,0.4,16,0.001,71.58505154639175
MFCC,128,128,0.2,0.4,16,0.0001,69.78092783505154
MFCC,128,128,0.2,0.4,32,0.01,68.29896907216495
MFCC,128,128,0.2,0.4,32,0.001,70.48969072164948
MFCC,128,128,0.2,0.4,32,0.0001,69.13659793814433
MFCC,128,128,0.2,0.4,64,0.01,68.29896907216495
MFCC,128,128,0.2,0.4,64,0.001,68.87886597938144
MFCC,128,128,0.2,0.4,64,0.0001,69.0721649484536
MFCC,128,128,0.3,0.3,16,0.01,68.29896907216495
MFCC,128,128,0.3,0.3,16,0.001,67.39690721649484
MFCC,128,128,0.3,0.3,16,0.0001,68.81443298969072
MFCC,128,128,0.3,0.3,32,0.01,68.29896907216495
MFCC,128,128,0.3,0.3,32,0.001,70.61855670103093
MFCC,128,128,0.3,0.3,32,0.0001,68.4278350515464
MFCC,128,128,0.3,0.3,64,0.01,68.29896907216495
MFCC,128,128,0.3,0.3,64,0.001,68.4278350515464
MFCC,128,128,0.3,0.3,64,0.0001,68.1701030927835
MFCC,128,128,0.3,0.4,16,0.01,68.29896907216495
MFCC,128,128,0.3,0.4,16,0.001,70.23195876288659
MFCC,128,128,0.3,0.4,16,0.0001,68.62113402061856
MFCC,128,128,0.3,0.4,32,0.01,68.29896907216495
MFCC,128,128,0.3,0.4,32,0.001,69.58762886597938
MFCC,128,128,0.3,0.4,32,0.0001,69.3298969072165
MFCC,128,128,0.3,0.4,64,0.01,68.29896907216495
MFCC,128,128,0.3,0.4,64,0.001,68.62113402061856
MFCC,128,128,0.3,0.4,64,0.0001,68.55670103092784
MFCC,128,256,0.2,0.3,16,0.01,68.29896907216495
MFCC,128,256,0.2,0.3,16,0.001,71.64948453608247
MFCC,128,256,0.2,0.3,16,0.0001,70.29639175257732
MFCC,128,256,0.2,0.3,32,0.01,68.29896907216495
MFCC,128,256,0.2,0.3,32,0.001,70.74742268041237
MFCC,128,256,0.2,0.3,32,0.0001,69.0721649484536
MFCC,128,256,0.2,0.3,64,0.01,68.29896907216495
MFCC,128,256,0.2,0.3,64,0.001,69.0721649484536
MFCC,128,256,0.2,0.3,64,0.0001,69.00773195876289
MFCC,128,256,0.2,0.4,16,0.01,68.55670103092784
MFCC,128,256,0.2,0.4,16,0.001,68.62113402061856
MFCC,128,256,0.2,0.4,16,0.0001,70.16752577319588
MFCC,128,256,0.2,0.4,32,0.01,68.29896907216495
MFCC,128,256,0.2,0.4,32,0.001,67.91237113402062
MFCC,128,256,0.2,0.4,32,0.0001,69.39432989690722
MFCC,128,256,0.2,0.4,64,0.01,68.29896907216495
MFCC,128,256,0.2,0.4,64,0.001,68.94329896907216
MFCC,128,256,0.2,0.4,64,0.0001,69.0721649484536
MFCC,128,256,0.3,0.3,16,0.01,68.29896907216495
MFCC,128,256,0.3,0.3,16,0.001,71.1340206185567
MFCC,128,256,0.3,0.3,16,0.0001,69.52319587628865
MFCC,128,256,0.3,0.3,32,0.01,68.29896907216495
MFCC,128,256,0.3,0.3,32,0.001,69.58762886597938
MFCC,128,256,0.3,0.3,32,0.0001,68.4278350515464
MFCC,128,256,0.3,0.3,64,0.01,68.29896907216495
MFCC,128,256,0.3,0.3,64,0.001,68.29896907216495
MFCC,128,256,0.3,0.3,64,0.0001,68.75
MFCC,128,256,0.3,0.4,16,0.01,68.29896907216495
MFCC,128,256,0.3,0.4,16,0.001,69.71649484536083
MFCC,128,256,0.3,0.4,16,0.0001,69.13659793814433
MFCC,128,256,0.3,0.4,32,0.01,68.29896907216495
MFCC,128,256,0.3,0.4,32,0.001,70.23195876288659
MFCC,128,256,0.3,0.4,32,0.0001,69.3298969072165
MFCC,128,256,0.3,0.4,64,0.01,68.29896907216495
MFCC,128,256,0.3,0.4,64,0.001,68.4278350515464
MFCC,128,256,0.3,0.4,64,0.0001,68.49226804123711
GFCC,32,64,0.2,0.3,16,0.01,71.52061855670104
GFCC,32,64,0.2,0.3,16,0.001,70.42525773195877
GFCC,32,64,0.2,0.3,16,0.0001,68.49226804123711
GFCC,32,64,0.2,0.3,32,0.01,68.29896907216495
GFCC,32,64,0.2,0.3,32,0.001,70.16752577319588
GFCC,32,64,0.2,0.3,32,0.0001,68.87886597938144
GFCC,32,64,0.2,0.3,64,0.01,65.52835051546391
GFCC,32,64,0.2,0.3,64,0.001,69.0721649484536
GFCC,32,64,0.2,0.3,64,0.0001,66.49484536082474
GFCC,32,64,0.2,0.4,16,0.01,69.26546391752578
GFCC,32,64,0.2,0.4,16,0.001,71.77835051546391
GFCC,32,64,0.2,0.4,16,0.0001,68.23453608247422
GFCC,32,64,0.2,0.4,32,0.01,68.29896907216495
GFCC,32,64,0.2,0.4,32,0.001,68.29896907216495
GFCC,32,64,0.2,0.4,32,0.0001,68.49226804123711
GFCC,32,64,0.2,0.4,64,0.01,68.29896907216495
GFCC,32,64,0.2,0.4,64,0.001,67.33247422680412
GFCC,32,64,0.2,0.4,64,0.0001,68.29896907216495
GFCC,32,64,0.3,0.3,16,0.01,67.39690721649484
GFCC,32,64,0.3,0.3,16,0.001,70.55412371134021
GFCC,32,64,0.3,0.3,16,0.0001,68.68556701030928
GFCC,32,64,0.3,0.3,32,0.01,68.49226804123711
GFCC,32,64,0.3,0.3,32,0.001,69.97422680412372
GFCC,32,64,0.3,0.3,32,0.0001,68.4278350515464
GFCC,32,64,0.3,0.3,64,0.01,68.04123711340206
GFCC,32,64,0.3,0.3,64,0.001,68.36340206185567
GFCC,32,64,0.3,0.3,64,0.0001,68.81443298969072
GFCC,32,64,0.3,0.4,16,0.01,68.29896907216495
GFCC,32,64,0.3,0.4,16,0.001,71.00515463917526
GFCC,32,64,0.3,0.4,16,0.0001,68.29896907216495
GFCC,32,64,0.3,0.4,32,0.01,68.29896907216495
GFCC,32,64,0.3,0.4,32,0.001,70.23195876288659
GFCC,32,64,0.3,0.4,32,0.0001,68.4278350515464
GFCC,32,64,0.3,0.4,64,0.01,68.29896907216495
GFCC,32,64,0.3,0.4,64,0.001,68.55670103092784
GFCC,32,64,0.3,0.4,64,0.0001,67.71907216494846
GFCC,32,128,0.2,0.3,16,0.01,72.87371134020619
GFCC,32,128,0.2,0.3,16,0.001,72.74484536082474
GFCC,32,128,0.2,0.3,16,0.0001,69.20103092783505
GFCC,32,128,0.2,0.3,32,0.01,68.75
GFCC,32,128,0.2,0.3,32,0.001,69.20103092783505
GFCC,32,128,0.2,0.3,32,0.0001,68.68556701030928
GFCC,32,128,0.2,0.3,64,0.01,68.29896907216495
GFCC,32,128,0.2,0.3,64,0.001,66.43041237113403
GFCC,32,128,0.2,0.3,64,0.0001,68.4278350515464
GFCC,32,128,0.2,0.4,16,0.01,68.29896907216495
GFCC,32,128,0.2,0.4,16,0.001,72.10051546391753
GFCC,32,128,0.2,0.4,16,0.0001,68.23453608247422
GFCC,32,128,0.2,0.4,32,0.01,68.29896907216495
GFCC,32,128,0.2,0.4,32,0.001,70.03865979381443
GFCC,32,128,0.2,0.4,32,0.0001,67.78350515463917
GFCC,32,128,0.2,0.4,64,0.01,69.52319587628865
GFCC,32,128,0.2,0.4,64,0.001,66.55927835051547
GFCC,32,128,0.2,0.4,64,0.0001,68.55670103092784
GFCC,32,128,0.3,0.3,16,0.01,68.29896907216495
GFCC,32,128,0.3,0.3,16,0.001,71.45618556701031
GFCC,32,128,0.3,0.3,16,0.0001,68.04123711340206
GFCC,32,128,0.3,0.3,32,0.01,71.97164948453609
GFCC,32,128,0.3,0.3,32,0.001,71.77835051546391
GFCC,32,128,0.3,0.3,32,0.0001,67.65463917525773
GFCC,32,128,0.3,0.3,64,0.01,68.29896907216495
GFCC,32,128,0.3,0.3,64,0.001,69.71649484536083
GFCC,32,128,0.3,0.3,64,0.0001,66.75257731958763
GFCC,32,128,0.3,0.4,16,0.01,68.29896907216495
GFCC,32,128,0.3,0.4,16,0.001,71.64948453608247
GFCC,32,128,0.3,0.4,16,0.0001,67.91237113402062
GFCC,32,128,0.3,0.4,32,0.01,68.29896907216495
GFCC,32,128,0.3,0.4,32,0.001,70.42525773195877
GFCC,32,128,0.3,0.4,32,0.0001,67.97680412371135
GFCC,32,128,0.3,0.4,64,0.01,68.29896907216495
GFCC,32,128,0.3,0.4,64,0.001,68.68556701030928
GFCC,32,128,0.3,0.4,64,0.0001,68.29896907216495
GFCC,32,256,0.2,0.3,16,0.01,68.29896907216495
GFCC,32,256,0.2,0.3,16,0.001,74.03350515463917
GFCC,32,256,0.2,0.3,16,0.0001,68.81443298969072
GFCC,32,256,0.2,0.3,32,0.01,71.64948453608247
GFCC,32,256,0.2,0.3,32,0.001,71.00515463917526
GFCC,32,256,0.2,0.3,32,0.0001,68.68556701030928
GFCC,32,256,0.2,0.3,64,0.01,68.29896907216495
GFCC,32,256,0.2,0.3,64,0.001,69.71649484536083
GFCC,32,256,0.2,0.3,64,0.0001,68.55670103092784
GFCC,32,256,0.2,0.4,16,0.01,68.29896907216495
GFCC,32,256,0.2,0.4,16,0.001,72.10051546391753
GFCC,32,256,0.2,0.4,16,0.0001,69.00773195876289
GFCC,32,256,0.2,0.4,32,0.01,68.29896907216495
GFCC,32,256,0.2,0.4,32,0.001,72.10051546391753
GFCC,32,256,0.2,0.4,32,0.0001,68.36340206185567
GFCC,32,256,0.2,0.4,64,0.01,68.29896907216495
GFCC,32,256,0.2,0.4,64,0.001,69.6520618556701
GFCC,32,256,0.2,0.4,64,0.0001,67.97680412371135
GFCC,32,256,0.3,0.3,16,0.01,68.29896907216495
GFCC,32,256,0.3,0.3,16,0.001,69.52319587628865
GFCC,32,256,0.3,0.3,16,0.0001,68.29896907216495
GFCC,32,256,0.3,0.3,32,0.01,68.29896907216495
GFCC,32,256,0.3,0.3,32,0.001,69.84536082474227
GFCC,32,256,0.3,0.3,32,0.0001,68.29896907216495
GFCC,32,256,0.3,0.3,64,0.01,68.29896907216495
GFCC,32,256,0.3,0.3,64,0.001,68.81443298969072
GFCC,32,256,0.3,0.3,64,0.0001,68.36340206185567
GFCC,32,256,0.3,0.4,16,0.01,68.29896907216495
GFCC,32,256,0.3,0.4,16,0.001,72.3582474226804
GFCC,32,256,0.3,0.4,16,0.0001,69.0721649484536
GFCC,32,256,0.3,0.4,32,0.01,69.13659793814433
GFCC,32,256,0.3,0.4,32,0.001,69.13659793814433
GFCC,32,256,0.3,0.4,32,0.0001,68.4278350515464
GFCC,32,256,0.3,0.4,64,0.01,68.29896907216495
GFCC,32,256,0.3,0.4,64,0.001,69.78092783505154
GFCC,32,256,0.3,0.4,64,0.0001,68.55670103092784
GFCC,64,64,0.2,0.3,16,0.01,68.36340206185567
GFCC,64,64,0.2,0.3,16,0.001,70.42525773195877
GFCC,64,64,0.2,0.3,16,0.0001,67.71907216494846
GFCC,64,64,0.2,0.3,32,0.01,68.29896907216495
GFCC,64,64,0.2,0.3,32,0.001,68.87886597938144
GFCC,64,64,0.2,0.3,32,0.0001,67.07474226804123
GFCC,64,64,0.2,0.3,64,0.01,68.29896907216495
GFCC,64,64,0.2,0.3,64,0.001,69.45876288659794
GFCC,64,64,0.2,0.3,64,0.0001,68.10567010309278
GFCC,64,64,0.2,0.4,16,0.01,68.29896907216495
GFCC,64,64,0.2,0.4,16,0.001,70.48969072164948
GFCC,64,64,0.2,0.4,16,0.0001,68.94329896907216
GFCC,64,64,0.2,0.4,32,0.01,68.29896907216495
GFCC,64,64,0.2,0.4,32,0.001,69.58762886597938
GFCC,64,64,0.2,0.4,32,0.0001,68.4278350515464
GFCC,64,64,0.2,0.4,64,0.01,68.29896907216495
GFCC,64,64,0.2,0.4,64,0.001,65.7860824742268
GFCC,64,64,0.2,0.4,64,0.0001,68.23453608247422
GFCC,64,64,0.3,0.3,16,0.01,68.29896907216495
GFCC,64,64,0.3,0.3,16,0.001,71.32731958762886
GFCC,64,64,0.3,0.3,16,0.0001,69.3298969072165
GFCC,64,64,0.3,0.3,32,0.01,68.29896907216495
GFCC,64,64,0.3,0.3,32,0.001,69.84536082474227
GFCC,64,64,0.3,0.3,32,0.0001,68.49226804123711
GFCC,64,64,0.3,0.3,64,0.01,68.29896907216495
GFCC,64,64,0.3,0.3,64,0.001,61.27577319587629
GFCC,64,64,0.3,0.3,64,0.0001,68.10567010309278
GFCC,64,64,0.3,0.4,16,0.01,68.29896907216495
GFCC,64,64,0.3,0.4,16,0.001,72.0360824742268
GFCC,64,64,0.3,0.4,16,0.0001,64.62628865979381
GFCC,64,64,0.3,0.4,32,0.01,68.29896907216495
GFCC,64,64,0.3,0.4,32,0.001,70.8118556701031
GFCC,64,64,0.3,0.4,32,0.0001,68.87886597938144
GFCC,64,64,0.3,0.4,64,0.01,68.29896907216495
GFCC,64,64,0.3,0.4,64,0.001,69.3298969072165
GFCC,64,64,0.3,0.4,64,0.0001,67.97680412371135
GFCC,64,128,0.2,0.3,16,0.01,68.29896907216495
GFCC,64,128,0.2,0.3,16,0.001,72.16494845360825
GFCC,64,128,0.2,0.3,16,0.0001,68.81443298969072
GFCC,64,128,0.2,0.3,32,0.01,68.29896907216495
GFCC,64,128,0.2,0.3,32,0.001,65.4639175257732
GFCC,64,128,0.2,0.3,32,0.0001,67.07474226804123
GFCC,64,128,0.2,0.3,64,0.01,68.29896907216495
GFCC,64,128,0.2,0.3,64,0.001,69.13659793814433
GFCC,64,128,0.2,0.3,64,0.0001,68.62113402061856
GFCC,64,128,0.2,0.4,16,0.01,69.45876288659794
GFCC,64,128,0.2,0.4,16,0.001,71.90721649484536
GFCC,64,128,0.2,0.4,16,0.0001,68.55670103092784
GFCC,64,128,0.2,0.4,32,0.01,68.29896907216495
GFCC,64,128,0.2,0.4,32,0.001,68.87886597938144
GFCC,64,128,0.2,0.4,32,0.0001,68.4278350515464
GFCC,64,128,0.2,0.4,64,0.01,68.29896907216495
GFCC,64,128,0.2,0.4,64,0.001,68.04123711340206
GFCC,64,128,0.2,0.4,64,0.0001,68.10567010309278
GFCC,64,128,0.3,0.3,16,0.01,71.32731958762886
GFCC,64,128,0.3,0.3,16,0.001,66.43041237113403
GFCC,64,128,0.3,0.3,16,0.0001,69.52319587628865
GFCC,64,128,0.3,0.3,32,0.01,68.29896907216495
GFCC,64,128,0.3,0.3,32,0.001,70.42525773195877
GFCC,64,128,0.3,0.3,32,0.0001,68.49226804123711
GFCC,64,128,0.3,0.3,64,0.01,68.29896907216495
GFCC,64,128,0.3,0.3,64,0.001,69.52319587628865
GFCC,64,128,0.3,0.3,64,0.0001,68.23453608247422
GFCC,64,128,0.3,0.4,16,0.01,68.29896907216495
GFCC,64,128,0.3,0.4,16,0.001,71.3917525773196
GFCC,64,128,0.3,0.4,16,0.0001,68.36340206185567
GFCC,64,128,0.3,0.4,32,0.01,68.29896907216495
GFCC,64,128,0.3,0.4,32,0.001,70.61855670103093
GFCC,64,128,0.3,0.4,32,0.0001,68.23453608247422
GFCC,64,128,0.3,0.4,64,0.01,68.29896907216495
GFCC,64,128,0.3,0.4,64,0.001,69.78092783505154
GFCC,64,128,0.3,0.4,64,0.0001,68.62113402061856
GFCC,64,256,0.2,0.3,16,0.01,67.33247422680412
GFCC,64,256,0.2,0.3,16,0.001,72.42268041237114
GFCC,64,256,0.2,0.3,16,0.0001,69.52319587628865
GFCC,64,256,0.2,0.3,32,0.01,68.29896907216495
GFCC,64,256,0.2,0.3,32,0.001,70.55412371134021
GFCC,64,256,0.2,0.3,32,0.0001,69.20103092783505
GFCC,64,256,0.2,0.3,64,0.01,68.29896907216495
GFCC,64,256,0.2,0.3,64,0.001,69.58762886597938
GFCC,64,256,0.2,0.3,64,0.0001,67.91237113402062
GFCC,64,256,0.2,0.4,16,0.01,68.29896907216495
GFCC,64,256,0.2,0.4,16,0.001,73.00257731958763
GFCC,64,256,0.2,0.4,16,0.0001,69.26546391752578
GFCC,64,256,0.2,0.4,32,0.01,70.36082474226804
GFCC,64,256,0.2,0.4,32,0.001,71.1340206185567
GFCC,64,256,0.2,0.4,32,0.0001,68.68556701030928
GFCC,64,256,0.2,0.4,64,0.01,68.29896907216495
GFCC,64,256,0.2,0.4,64,0.001,69.52319587628865
GFCC,64,256,0.2,0.4,64,0.0001,68.49226804123711
GFCC,64,256,0.3,0.3,16,0.01,68.29896907216495
GFCC,64,256,0.3,0.3,16,0.001,72.80927835051547
GFCC,64,256,0.3,0.3,16,0.0001,69.97422680412372
GFCC,64,256,0.3,0.3,32,0.01,68.29896907216495
GFCC,64,256,0.3,0.3,32,0.001,70.55412371134021
GFCC,64,256,0.3,0.3,32,0.0001,68.81443298969072
GFCC,64,256,0.3,0.3,64,0.01,68.29896907216495
GFCC,64,256,0.3,0.3,64,0.001,68.29896907216495
GFCC,64,256,0.3,0.3,64,0.0001,68.10567010309278
GFCC,64,256,0.3,0.4,16,0.01,68.29896907216495
GFCC,64,256,0.3,0.4,16,0.001,73.06701030927834
GFCC,64,256,0.3,0.4,16,0.0001,69.0721649484536
GFCC,64,256,0.3,0.4,32,0.01,68.29896907216495
GFCC,64,256,0.3,0.4,32,0.001,71.97164948453609
GFCC,64,256,0.3,0.4,32,0.0001,68.4278350515464
GFCC,64,256,0.3,0.4,64,0.01,70.10309278350516
GFCC,64,256,0.3,0.4,64,0.001,69.39432989690722
GFCC,64,256,0.3,0.4,64,0.0001,66.43041237113403
GFCC,128,64,0.2,0.3,16,0.01,62.69329896907217
GFCC,128,64,0.2,0.3,16,0.001,71.84278350515464
GFCC,128,64,0.2,0.3,16,0.0001,69.3298969072165
GFCC,128,64,0.2,0.3,32,0.01,68.29896907216495
GFCC,128,64,0.2,0.3,32,0.001,70.48969072164948
GFCC,128,64,0.2,0.3,32,0.0001,63.9819587628866
GFCC,128,64,0.2,0.3,64,0.01,68.29896907216495
GFCC,128,64,0.2,0.3,64,0.001,68.29896907216495
GFCC,128,64,0.2,0.3,64,0.0001,68.04123711340206
GFCC,128,64,0.2,0.4,16,0.01,68.29896907216495
GFCC,128,64,0.2,0.4,16,0.001,71.77835051546391
GFCC,128,64,0.2,0.4,16,0.0001,68.29896907216495
GFCC,128,64,0.2,0.4,32,0.01,68.29896907216495
GFCC,128,64,0.2,0.4,32,0.001,70.10309278350516
GFCC,128,64,0.2,0.4,32,0.0001,68.55670103092784
GFCC,128,64,0.2,0.4,64,0.01,68.29896907216495
GFCC,128,64,0.2,0.4,64,0.001,69.13659793814433
GFCC,128,64,0.2,0.4,64,0.0001,68.55670103092784
GFCC,128,64,0.3,0.3,16,0.01,68.29896907216495
GFCC,128,64,0.3,0.3,16,0.001,69.97422680412372
GFCC,128,64,0.3,0.3,16,0.0001,69.00773195876289
GFCC,128,64,0.3,0.3,32,0.01,68.29896907216495
GFCC,128,64,0.3,0.3,32,0.001,68.55670103092784
GFCC,128,64,0.3,0.3,32,0.0001,68.36340206185567
GFCC,128,64,0.3,0.3,64,0.01,68.29896907216495
GFCC,128,64,0.3,0.3,64,0.001,67.59020618556701
GFCC,128,64,0.3,0.3,64,0.0001,68.4278350515464
GFCC,128,64,0.3,0.4,16,0.01,68.29896907216495
GFCC,128,64,0.3,0.4,16,0.001,70.68298969072166
GFCC,128,64,0.3,0.4,16,0.0001,69.58762886597938
GFCC,128,64,0.3,0.4,32,0.01,68.29896907216495
GFCC,128,64,0.3,0.4,32,0.001,70.61855670103093
GFCC,128,64,0.3,0.4,32,0.0001,67.20360824742268
GFCC,128,64,0.3,0.4,64,0.01,68.29896907216495
GFCC,128,64,0.3,0.4,64,0.001,65.65721649484536
GFCC,128,64,0.3,0.4,64,0.0001,68.4278350515464
GFCC,128,128,0.2,0.3,16,0.01,68.29896907216495
GFCC,128,128,0.2,0.3,16,0.001,69.45876288659794
GFCC,128,128,0.2,0.3,16,0.0001,69.3298969072165
GFCC,128,128,0.2,0.3,32,0.01,68.29896907216495
GFCC,128,128,0.2,0.3,32,0.001,71.06958762886597
GFCC,128,128,0.2,0.3,32,0.0001,68.23453608247422
GFCC,128,128,0.2,0.3,64,0.01,68.29896907216495
GFCC,128,128,0.2,0.3,64,0.001,68.81443298969072
GFCC,128,128,0.2,0.3,64,0.0001,68.75
GFCC,128,128,0.2,0.4,16,0.01,68.29896907216495
GFCC,128,128,0.2,0.4,16,0.001,68.4278350515464
GFCC,128,128,0.2,0.4,16,0.0001,69.58762886597938
GFCC,128,128,0.2,0.4,32,0.01,68.29896907216495
GFCC,128,128,0.2,0.4,32,0.001,69.13659793814433
GFCC,128,128,0.2,0.4,32,0.0001,69.45876288659794
GFCC,128,128,0.2,0.4,64,0.01,68.29896907216495
GFCC,128,128,0.2,0.4,64,0.001,67.13917525773196
GFCC,128,128,0.2,0.4,64,0.0001,68.49226804123711
GFCC,128,128,0.3,0.3,16,0.01,68.29896907216495
GFCC,128,128,0.3,0.3,16,0.001,72.3582474226804
GFCC,128,128,0.3,0.3,16,0.0001,68.62113402061856
GFCC,128,128,0.3,0.3,32,0.01,68.29896907216495
GFCC,128,128,0.3,0.3,32,0.001,69.3298969072165
GFCC,128,128,0.3,0.3,32,0.0001,69.39432989690722
GFCC,128,128,0.3,0.3,64,0.01,68.29896907216495
GFCC,128,128,0.3,0.3,64,0.001,69.26546391752578
GFCC,128,128,0.3,0.3,64,0.0001,68.4278350515464
GFCC,128,128,0.3,0.4,16,0.01,68.29896907216495
GFCC,128,128,0.3,0.4,16,0.001,71.32731958762886
GFCC,128,128,0.3,0.4,16,0.0001,69.39432989690722
GFCC,128,128,0.3,0.4,32,0.01,68.29896907216495
GFCC,128,128,0.3,0.4,32,0.001,69.97422680412372
GFCC,128,128,0.3,0.4,32,0.0001,67.39690721649484
GFCC,128,128,0.3,0.4,64,0.01,68.29896907216495
GFCC,128,128,0.3,0.4,64,0.001,68.23453608247422
GFCC,128,128,0.3,0.4,64,0.0001,69.26546391752578
GFCC,128,256,0.2,0.3,16,0.01,68.29896907216495
GFCC,128,256,0.2,0.3,16,0.001,70.03865979381443
GFCC,128,256,0.2,0.3,16,0.0001,67.59020618556701
GFCC,128,256,0.2,0.3,32,0.01,68.29896907216495
GFCC,128,256,0.2,0.3,32,0.001,69.26546391752578
GFCC,128,256,0.2,0.3,32,0.0001,69.84536082474227
GFCC,128,256,0.2,0.3,64,0.01,68.29896907216495
GFCC,128,256,0.2,0.3,64,0.001,70.48969072164948
GFCC,128,256,0.2,0.3,64,0.0001,68.29896907216495
GFCC,128,256,0.2,0.4,16,0.01,68.29896907216495
GFCC,128,256,0.2,0.4,16,0.001,69.71649484536083
GFCC,128,256,0.2,0.4,16,0.0001,71.1340206185567
GFCC,128,256,0.2,0.4,32,0.01,68.29896907216495
GFCC,128,256,0.2,0.4,32,0.001,71.19845360824742
GFCC,128,256,0.2,0.4,32,0.0001,69.00773195876289
GFCC,128,256,0.2,0.4,64,0.01,68.29896907216495
GFCC,128,256,0.2,0.4,64,0.001,69.00773195876289
GFCC,128,256,0.2,0.4,64,0.0001,68.62113402061856
GFCC,128,256,0.3,0.3,16,0.01,68.29896907216495
GFCC,128,256,0.3,0.3,16,0.001,73.71134020618557
GFCC,128,256,0.3,0.3,16,0.0001,69.84536082474227
GFCC,128,256,0.3,0.3,32,0.01,68.29896907216495
GFCC,128,256,0.3,0.3,32,0.001,69.39432989690722
GFCC,128,256,0.3,0.3,32,0.0001,69.52319587628865
GFCC,128,256,0.3,0.3,64,0.01,68.29896907216495
GFCC,128,256,0.3,0.3,64,0.001,69.13659793814433
GFCC,128,256,0.3,0.3,64,0.0001,66.62371134020619
GFCC,128,256,0.3,0.4,16,0.01,68.29896907216495
GFCC,128,256,0.3,0.4,16,0.001,70.03865979381443
GFCC,128,256,0.3,0.4,16,0.0001,70.16752577319588
GFCC,128,256,0.3,0.4,32,0.01,68.29896907216495
GFCC,128,256,0.3,0.4,32,0.001,70.68298969072166
GFCC,128,256,0.3,0.4,32,0.0001,66.75257731958763
GFCC,128,256,0.3,0.4,64,0.01,68.29896907216495
GFCC,128,256,0.3,0.4,64,0.001,68.62113402061856
GFCC,128,256,0.3,0.4,64,0.0001,68.68556701030928
LPC,32,64,0.2,0.3,16,0.01,68.55670103092784
LPC,32,64,0.2,0.3,16,0.001,69.58762886597938
LPC,32,64,0.2,0.3,16,0.0001,67.91237113402062
LPC,32,64,0.2,0.3,32,0.01,68.87886597938144
LPC,32,64,0.2,0.3,32,0.001,68.81443298969072
LPC,32,64,0.2,0.3,32,0.0001,68.1701030927835
LPC,32,64,0.2,0.3,64,0.01,68.4278350515464
LPC,32,64,0.2,0.3,64,0.001,68.75
LPC,32,64,0.2,0.3,64,0.0001,68.55670103092784
LPC,32,64,0.2,0.4,16,0.01,68.29896907216495
LPC,32,64,0.2,0.4,16,0.001,69.45876288659794
LPC,32,64,0.2,0.4,16,0.0001,68.49226804123711
LPC,32,64,0.2,0.4,32,0.01,69.00773195876289
LPC,32,64,0.2,0.4,32,0.001,66.55927835051547
LPC,32,64,0.2,0.4,32,0.0001,68.23453608247422
LPC,32,64,0.2,0.4,64,0.01,68.29896907216495
LPC,32,64,0.2,0.4,64,0.001,68.81443298969072
LPC,32,64,0.2,0.4,64,0.0001,68.36340206185567
LPC,32,64,0.3,0.3,16,0.01,68.29896907216495
LPC,32,64,0.3,0.3,16,0.001,69.58762886597938
LPC,32,64,0.3,0.3,16,0.0001,67.78350515463917
LPC,32,64,0.3,0.3,32,0.01,67.46134020618557
LPC,32,64,0.3,0.3,32,0.001,65.33505154639175
LPC,32,64,0.3,0.3,32,0.0001,67.91237113402062
LPC,32,64,0.3,0.3,64,0.01,68.55670103092784
LPC,32,64,0.3,0.3,64,0.001,68.10567010309278
LPC,32,64,0.3,0.3,64,0.0001,68.4278350515464
LPC,32,64,0.3,0.4,16,0.01,68.29896907216495
LPC,32,64,0.3,0.4,16,0.001,69.58762886597938
LPC,32,64,0.3,0.4,16,0.0001,68.94329896907216
LPC,32,64,0.3,0.4,32,0.01,68.29896907216495
LPC,32,64,0.3,0.4,32,0.001,68.55670103092784
LPC,32,64,0.3,0.4,32,0.0001,68.29896907216495
LPC,32,64,0.3,0.4,64,0.01,68.29896907216495
LPC,32,64,0.3,0.4,64,0.001,68.62113402061856
LPC,32,64,0.3,0.4,64,0.0001,68.29896907216495
LPC,32,128,0.2,0.3,16,0.01,59.2139175257732
LPC,32,128,0.2,0.3,16,0.001,68.87886597938144
LPC,32,128,0.2,0.3,16,0.0001,68.81443298969072
LPC,32,128,0.2,0.3,32,0.01,68.87886597938144
LPC,32,128,0.2,0.3,32,0.001,68.29896907216495
LPC,32,128,0.2,0.3,32,0.0001,68.68556701030928
LPC,32,128,0.2,0.3,64,0.01,68.29896907216495
LPC,32,128,0.2,0.3,64,0.001,68.55670103092784
LPC,32,128,0.2,0.3,64,0.0001,68.49226804123711
LPC,32,128,0.2,0.4,16,0.01,69.45876288659794
LPC,32,128,0.2,0.4,16,0.001,69.58762886597938
LPC,32,128,0.2,0.4,16,0.0001,67.78350515463917
LPC,32,128,0.2,0.4,32,0.01,68.29896907216495
LPC,32,128,0.2,0.4,32,0.001,68.23453608247422
LPC,32,128,0.2,0.4,32,0.0001,68.23453608247422
LPC,32,128,0.2,0.4,64,0.01,68.94329896907216
LPC,32,128,0.2,0.4,64,0.001,69.39432989690722
LPC,32,128,0.2,0.4,64,0.0001,68.4278350515464
LPC,32,128,0.3,0.3,16,0.01,69.26546391752578
LPC,32,128,0.3,0.3,16,0.001,69.39432989690722
LPC,32,128,0.3,0.3,16,0.0001,68.1701030927835
LPC,32,128,0.3,0.3,32,0.01,68.29896907216495
LPC,32,128,0.3,0.3,32,0.001,68.68556701030928
LPC,32,128,0.3,0.3,32,0.0001,68.04123711340206
LPC,32,128,0.3,0.3,64,0.01,69.00773195876289
LPC,32,128,0.3,0.3,64,0.001,68.23453608247422
LPC,32,128,0.3,0.3,64,0.0001,68.4278350515464
LPC,32,128,0.3,0.4,16,0.01,69.26546391752578
LPC,32,128,0.3,0.4,16,0.001,69.13659793814433
LPC,32,128,0.3,0.4,16,0.0001,68.68556701030928
LPC,32,128,0.3,0.4,32,0.01,69.84536082474227
LPC,32,128,0.3,0.4,32,0.001,69.0721649484536
LPC,32,128,0.3,0.4,32,0.0001,68.04123711340206
LPC,32,128,0.3,0.4,64,0.01,68.10567010309278
LPC,32,128,0.3,0.4,64,0.001,68.68556701030928
LPC,32,128,0.3,0.4,64,0.0001,68.62113402061856
LPC,32,256,0.2,0.3,16,0.01,68.62113402061856
LPC,32,256,0.2,0.3,16,0.001,69.3298969072165
LPC,32,256,0.2,0.3,16,0.0001,67.59020618556701
LPC,32,256,0.2,0.3,32,0.01,68.29896907216495
LPC,32,256,0.2,0.3,32,0.001,69.20103092783505
LPC,32,256,0.2,0.3,32,0.0001,67.59020618556701
LPC,32,256,0.2,0.3,64,0.01,68.29896907216495
LPC,32,256,0.2,0.3,64,0.001,68.4278350515464
LPC,32,256,0.2,0.3,64,0.0001,68.1701030927835
LPC,32,256,0.2,0.4,16,0.01,69.0721649484536
LPC,32,256,0.2,0.4,16,0.001,69.3298969072165
LPC,32,256,0.2,0.4,16,0.0001,68.81443298969072
LPC,32,256,0.2,0.4,32,0.01,68.29896907216495
LPC,32,256,0.2,0.4,32,0.001,69.90979381443299
LPC,32,256,0.2,0.4,32,0.0001,68.23453608247422
LPC,32,256,0.2,0.4,64,0.01,68.29896907216495
LPC,32,256,0.2,0.4,64,0.001,69.3298969072165
LPC,32,256,0.2,0.4,64,0.0001,67.65463917525773
LPC,32,256,0.3,0.3,16,0.01,68.49226804123711
LPC,32,256,0.3,0.3,16,0.001,67.91237113402062
LPC,32,256,0.3,0.3,16,0.0001,68.68556701030928
LPC,32,256,0.3,0.3,32,0.01,68.94329896907216
LPC,32,256,0.3,0.3,32,0.001,70.10309278350516
LPC,32,256,0.3,0.3,32,0.0001,67.97680412371135
LPC,32,256,0.3,0.3,64,0.01,68.29896907216495
LPC,32,256,0.3,0.3,64,0.001,68.87886597938144
LPC,32,256,0.3,0.3,64,0.0001,69.00773195876289
LPC,32,256,0.3,0.4,16,0.01,68.81443298969072
LPC,32,256,0.3,0.4,16,0.001,69.20103092783505
LPC,32,256,0.3,0.4,16,0.0001,67.65463917525773
LPC,32,256,0.3,0.4,32,0.01,68.29896907216495
LPC,32,256,0.3,0.4,32,0.001,69.20103092783505
LPC,32,256,0.3,0.4,32,0.0001,68.04123711340206
LPC,32,256,0.3,0.4,64,0.01,69.00773195876289
LPC,32,256,0.3,0.4,64,0.001,68.81443298969072
LPC,32,256,0.3,0.4,64,0.0001,68.81443298969072
LPC,64,64,0.2,0.3,16,0.01,69.20103092783505
LPC,64,64,0.2,0.3,16,0.001,69.58762886597938
LPC,64,64,0.2,0.3,16,0.0001,67.46134020618557
LPC,64,64,0.2,0.3,32,0.01,68.29896907216495
LPC,64,64,0.2,0.3,32,0.001,69.84536082474227
LPC,64,64,0.2,0.3,32,0.0001,67.78350515463917
LPC,64,64,0.2,0.3,64,0.01,68.29896907216495
LPC,64,64,0.2,0.3,64,0.001,65.91494845360825
LPC,64,64,0.2,0.3,64,0.0001,69.0721649484536
LPC,64,64,0.2,0.4,16,0.01,67.52577319587628
LPC,64,64,0.2,0.4,16,0.001,69.6520618556701
LPC,64,64,0.2,0.4,16,0.0001,68.29896907216495
LPC,64,64,0.2,0.4,32,0.01,68.29896907216495
LPC,64,64,0.2,0.4,32,0.001,68.75
LPC,64,64,0.2,0.4,32,0.0001,68.1701030927835
LPC,64,64,0.2,0.4,64,0.01,68.29896907216495
LPC,64,64,0.2,0.4,64,0.001,68.36340206185567
LPC,64,64,0.2,0.4,64,0.0001,68.75
LPC,64,64,0.3,0.3,16,0.01,68.29896907216495
LPC,64,64,0.3,0.3,16,0.001,69.13659793814433
LPC,64,64,0.3,0.3,16,0.0001,67.65463917525773
LPC,64,64,0.3,0.3,32,0.01,68.29896907216495
LPC,64,64,0.3,0.3,32,0.001,68.75
LPC,64,64,0.3,0.3,32,0.0001,68.36340206185567
LPC,64,64,0.3,0.3,64,0.01,68.29896907216495
LPC,64,64,0.3,0.3,64,0.001,68.10567010309278
LPC,64,64,0.3,0.3,64,0.0001,68.1701030927835
LPC,64,64,0.3,0.4,16,0.01,68.29896907216495
LPC,64,64,0.3,0.4,16,0.001,69.26546391752578
LPC,64,64,0.3,0.4,16,0.0001,68.04123711340206
LPC,64,64,0.3,0.4,32,0.01,68.29896907216495
LPC,64,64,0.3,0.4,32,0.001,69.26546391752578
LPC,64,64,0.3,0.4,32,0.0001,68.23453608247422
LPC,64,64,0.3,0.4,64,0.01,69.13659793814433
LPC,64,64,0.3,0.4,64,0.001,68.62113402061856
LPC,64,64,0.3,0.4,64,0.0001,68.49226804123711
LPC,64,128,0.2,0.3,16,0.01,68.29896907216495
LPC,64,128,0.2,0.3,16,0.001,69.39432989690722
LPC,64,128,0.2,0.3,16,0.0001,68.55670103092784
LPC,64,128,0.2,0.3,32,0.01,68.29896907216495
LPC,64,128,0.2,0.3,32,0.001,69.13659793814433
LPC,64,128,0.2,0.3,32,0.0001,67.78350515463917
LPC,64,128,0.2,0.3,64,0.01,68.29896907216495
LPC,64,128,0.2,0.3,64,0.001,69.3298969072165
LPC,64,128,0.2,0.3,64,0.0001,68.87886597938144
LPC,64,128,0.2,0.4,16,0.01,68.29896907216495
LPC,64,128,0.2,0.4,16,0.001,68.36340206185567
LPC,64,128,0.2,0.4,16,0.0001,68.4278350515464
LPC,64,128,0.2,0.4,32,0.01,68.29896907216495
LPC,64,128,0.2,0.4,32,0.001,68.81443298969072
LPC,64,128,0.2,0.4,32,0.0001,68.4278350515464
LPC,64,128,0.2,0.4,64,0.01,68.29896907216495
LPC,64,128,0.2,0.4,64,0.001,68.36340206185567
LPC,64,128,0.2,0.4,64,0.0001,68.04123711340206
LPC,64,128,0.3,0.3,16,0.01,68.29896907216495
LPC,64,128,0.3,0.3,16,0.001,69.39432989690722
LPC,64,128,0.3,0.3,16,0.0001,68.29896907216495
LPC,64,128,0.3,0.3,32,0.01,67.71907216494846
LPC,64,128,0.3,0.3,32,0.001,68.1701030927835
LPC,64,128,0.3,0.3,32,0.0001,68.55670103092784
LPC,64,128,0.3,0.3,64,0.01,68.29896907216495
LPC,64,128,0.3,0.3,64,0.001,68.36340206185567
LPC,64,128,0.3,0.3,64,0.0001,67.97680412371135
LPC,64,128,0.3,0.4,16,0.01,68.36340206185567
LPC,64,128,0.3,0.4,16,0.001,70.87628865979381
LPC,64,128,0.3,0.4,16,0.0001,69.39432989690722
LPC,64,128,0.3,0.4,32,0.01,67.97680412371135
LPC,64,128,0.3,0.4,32,0.001,69.71649484536083
LPC,64,128,0.3,0.4,32,0.0001,68.49226804123711
LPC,64,128,0.3,0.4,64,0.01,68.29896907216495
LPC,64,128,0.3,0.4,64,0.001,69.0721649484536
LPC,64,128,0.3,0.4,64,0.0001,68.10567010309278
LPC,64,256,0.2,0.3,16,0.01,68.29896907216495
LPC,64,256,0.2,0.3,16,0.001,70.29639175257732
LPC,64,256,0.2,0.3,16,0.0001,68.36340206185567
LPC,64,256,0.2,0.3,32,0.01,68.29896907216495
LPC,64,256,0.2,0.3,32,0.001,70.55412371134021
LPC,64,256,0.2,0.3,32,0.0001,68.10567010309278
LPC,64,256,0.2,0.3,64,0.01,68.29896907216495
LPC,64,256,0.2,0.3,64,0.001,68.55670103092784
LPC,64,256,0.2,0.3,64,0.0001,68.23453608247422
LPC,64,256,0.2,0.4,16,0.01,68.87886597938144
LPC,64,256,0.2,0.4,16,0.001,69.90979381443299
LPC,64,256,0.2,0.4,16,0.0001,68.49226804123711
LPC,64,256,0.2,0.4,32,0.01,68.29896907216495
LPC,64,256,0.2,0.4,32,0.001,65.27061855670104
LPC,64,256,0.2,0.4,32,0.0001,68.36340206185567
LPC,64,256,0.2,0.4,64,0.01,68.29896907216495
LPC,64,256,0.2,0.4,64,0.001,68.68556701030928
LPC,64,256,0.2,0.4,64,0.0001,68.04123711340206
LPC,64,256,0.3,0.3,16,0.01,68.29896907216495
LPC,64,256,0.3,0.3,16,0.001,69.45876288659794
LPC,64,256,0.3,0.3,16,0.0001,68.55670103092784
LPC,64,256,0.3,0.3,32,0.01,68.29896907216495
LPC,64,256,0.3,0.3,32,0.001,70.16752577319588
LPC,64,256,0.3,0.3,32,0.0001,68.04123711340206
LPC,64,256,0.3,0.3,64,0.01,68.29896907216495
LPC,64,256,0.3,0.3,64,0.001,68.62113402061856
LPC,64,256,0.3,0.3,64,0.0001,67.91237113402062
LPC,64,256,0.3,0.4,16,0.01,68.75
LPC,64,256,0.3,0.4,16,0.001,67.71907216494846
LPC,64,256,0.3,0.4,16,0.0001,67.97680412371135
LPC,64,256,0.3,0.4,32,0.01,68.29896907216495
LPC,64,256,0.3,0.4,32,0.001,69.71649484536083
LPC,64,256,0.3,0.4,32,0.0001,67.97680412371135
LPC,64,256,0.3,0.4,64,0.01,68.29896907216495
LPC,64,256,0.3,0.4,64,0.001,69.13659793814433
LPC,64,256,0.3,0.4,64,0.0001,68.75
LPC,128,64,0.2,0.3,16,0.01,68.29896907216495
LPC,128,64,0.2,0.3,16,0.001,68.49226804123711
LPC,128,64,0.2,0.3,16,0.0001,68.23453608247422
LPC,128,64,0.2,0.3,32,0.01,68.29896907216495
LPC,128,64,0.2,0.3,32,0.001,69.3298969072165
LPC,128,64,0.2,0.3,32,0.0001,69.00773195876289
LPC,128,64,0.2,0.3,64,0.01,68.29896907216495
LPC,128,64,0.2,0.3,64,0.001,69.13659793814433
LPC,128,64,0.2,0.3,64,0.0001,68.29896907216495
LPC,128,64,0.2,0.4,16,0.01,68.29896907216495
LPC,128,64,0.2,0.4,16,0.001,68.81443298969072
LPC,128,64,0.2,0.4,16,0.0001,68.81443298969072
LPC,128,64,0.2,0.4,32,0.01,68.29896907216495
LPC,128,64,0.2,0.4,32,0.001,68.55670103092784
LPC,128,64,0.2,0.4,32,0.0001,68.29896907216495
LPC,128,64,0.2,0.4,64,0.01,68.29896907216495
LPC,128,64,0.2,0.4,64,0.001,68.75
LPC,128,64,0.2,0.4,64,0.0001,68.29896907216495
LPC,128,64,0.3,0.3,16,0.01,68.29896907216495
LPC,128,64,0.3,0.3,16,0.001,69.45876288659794
LPC,128,64,0.3,0.3,16,0.0001,67.8479381443299
LPC,128,64,0.3,0.3,32,0.01,68.29896907216495
LPC,128,64,0.3,0.3,32,0.001,68.94329896907216
LPC,128,64,0.3,0.3,32,0.0001,67.8479381443299
LPC,128,64,0.3,0.3,64,0.01,68.29896907216495
LPC,128,64,0.3,0.3,64,0.001,68.36340206185567
LPC,128,64,0.3,0.3,64,0.0001,67.91237113402062
LPC,128,64,0.3,0.4,16,0.01,68.29896907216495
LPC,128,64,0.3,0.4,16,0.001,69.45876288659794
LPC,128,64,0.3,0.4,16,0.0001,68.29896907216495
LPC,128,64,0.3,0.4,32,0.01,68.29896907216495
LPC,128,64,0.3,0.4,32,0.001,69.52319587628865
LPC,128,64,0.3,0.4,32,0.0001,68.75
LPC,128,64,0.3,0.4,64,0.01,68.29896907216495
LPC,128,64,0.3,0.4,64,0.001,68.75
LPC,128,64,0.3,0.4,64,0.0001,68.4278350515464
LPC,128,128,0.2,0.3,16,0.01,68.29896907216495
LPC,128,128,0.2,0.3,16,0.001,69.3298969072165
LPC,128,128,0.2,0.3,16,0.0001,68.75
LPC,128,128,0.2,0.3,32,0.01,68.29896907216495
LPC,128,128,0.2,0.3,32,0.001,68.55670103092784
LPC,128,128,0.2,0.3,32,0.0001,68.36340206185567
LPC,128,128,0.2,0.3,64,0.01,68.29896907216495
LPC,128,128,0.2,0.3,64,0.001,68.55670103092784
LPC,128,128,0.2,0.3,64,0.0001,68.49226804123711
LPC,128,128,0.2,0.4,16,0.01,68.29896907216495
LPC,128,128,0.2,0.4,16,0.001,69.20103092783505
LPC,128,128,0.2,0.4,16,0.0001,69.00773195876289
LPC,128,128,0.2,0.4,32,0.01,68.29896907216495
LPC,128,128,0.2,0.4,32,0.001,68.23453608247422
LPC,128,128,0.2,0.4,32,0.0001,67.71907216494846
LPC,128,128,0.2,0.4,64,0.01,68.29896907216495
LPC,128,128,0.2,0.4,64,0.001,68.49226804123711
LPC,128,128,0.2,0.4,64,0.0001,68.36340206185567
LPC,128,128,0.3,0.3,16,0.01,69.0721649484536
LPC,128,128,0.3,0.3,16,0.001,69.58762886597938
LPC,128,128,0.3,0.3,16,0.0001,68.1701030927835
LPC,128,128,0.3,0.3,32,0.01,68.29896907216495
LPC,128,128,0.3,0.3,32,0.001,68.4278350515464
LPC,128,128,0.3,0.3,32,0.0001,67.8479381443299
LPC,128,128,0.3,0.3,64,0.01,68.29896907216495
LPC,128,128,0.3,0.3,64,0.001,68.23453608247422
LPC,128,128,0.3,0.3,64,0.0001,67.07474226804123
LPC,128,128,0.3,0.4,16,0.01,69.6520618556701
LPC,128,128,0.3,0.4,16,0.001,69.13659793814433
LPC,128,128,0.3,0.4,16,0.0001,68.29896907216495
LPC,128,128,0.3,0.4,32,0.01,68.29896907216495
LPC,128,128,0.3,0.4,32,0.001,68.68556701030928
LPC,128,128,0.3,0.4,32,0.0001,68.1701030927835
LPC,128,128,0.3,0.4,64,0.01,68.29896907216495
LPC,128,128,0.3,0.4,64,0.001,69.26546391752578
LPC,128,128,0.3,0.4,64,0.0001,67.91237113402062
LPC,128,256,0.2,0.3,16,0.01,68.29896907216495
LPC,128,256,0.2,0.3,16,0.001,70.03865979381443
LPC,128,256,0.2,0.3,16,0.0001,68.29896907216495
LPC,128,256,0.2,0.3,32,0.01,68.29896907216495
LPC,128,256,0.2,0.3,32,0.001,68.68556701030928
LPC,128,256,0.2,0.3,32,0.0001,68.10567010309278
LPC,128,256,0.2,0.3,64,0.01,68.29896907216495
LPC,128,256,0.2,0.3,64,0.001,69.20103092783505
LPC,128,256,0.2,0.3,64,0.0001,67.78350515463917
LPC,128,256,0.2,0.4,16,0.01,68.29896907216495
LPC,128,256,0.2,0.4,16,0.001,69.26546391752578
LPC,128,256,0.2,0.4,16,0.0001,68.68556701030928
LPC,128,256,0.2,0.4,32,0.01,68.29896907216495
LPC,128,256,0.2,0.4,32,0.001,68.87886597938144
LPC,128,256,0.2,0.4,32,0.0001,68.36340206185567
LPC,128,256,0.2,0.4,64,0.01,68.29896907216495
LPC,128,256,0.2,0.4,64,0.001,69.13659793814433
LPC,128,256,0.2,0.4,64,0.0001,68.36340206185567
LPC,128,256,0.3,0.3,16,0.01,68.29896907216495
LPC,128,256,0.3,0.3,16,0.001,68.68556701030928
LPC,128,256,0.3,0.3,16,0.0001,68.55670103092784
LPC,128,256,0.3,0.3,32,0.01,68.29896907216495
LPC,128,256,0.3,0.3,32,0.001,69.26546391752578
LPC,128,256,0.3,0.3,32,0.0001,68.55670103092784
LPC,128,256,0.3,0.3,64,0.01,68.29896907216495
LPC,128,256,0.3,0.3,64,0.001,68.29896907216495
LPC,128,256,0.3,0.3,64,0.0001,67.20360824742268
LPC,128,256,0.3,0.4,16,0.01,68.29896907216495
LPC,128,256,0.3,0.4,16,0.001,69.39432989690722
LPC,128,256,0.3,0.4,16,0.0001,68.62113402061856
LPC,128,256,0.3,0.4,32,0.01,68.29896907216495
LPC,128,256,0.3,0.4,32,0.001,68.1701030927835
LPC,128,256,0.3,0.4,32,0.0001,68.55670103092784
LPC,128,256,0.3,0.4,64,0.01,68.29896907216495
LPC,128,256,0.3,0.4,64,0.001,67.97680412371135
LPC,128,256,0.3,0.4,64,0.0001,68.62113402061856
MFCC+GFCC,32,64,0.2,0.3,16,0.01,70.03865979381443
MFCC+GFCC,32,64,0.2,0.3,16,0.001,74.0979381443299
MFCC+GFCC,32,64,0.2,0.3,16,0.0001,68.36340206185567
MFCC+GFCC,32,64,0.2,0.3,32,0.01,68.29896907216495
MFCC+GFCC,32,64,0.2,0.3,32,0.001,70.16752577319588
MFCC+GFCC,32,64,0.2,0.3,32,0.0001,68.4278350515464
MFCC+GFCC,32,64,0.2,0.3,64,0.01,68.29896907216495
MFCC+GFCC,32,64,0.2,0.3,64,0.001,69.20103092783505
MFCC+GFCC,32,64,0.2,0.3,64,0.0001,68.29896907216495
MFCC+GFCC,32,64,0.2,0.4,16,0.01,68.29896907216495
MFCC+GFCC,32,64,0.2,0.4,16,0.001,73.51804123711341
MFCC+GFCC,32,64,0.2,0.4,16,0.0001,68.29896907216495
MFCC+GFCC,32,64,0.2,0.4,32,0.01,70.55412371134021
MFCC+GFCC,32,64,0.2,0.4,32,0.001,72.10051546391753
MFCC+GFCC,32,64,0.2,0.4,32,0.0001,68.29896907216495
MFCC+GFCC,32,64,0.2,0.4,64,0.01,68.29896907216495
MFCC+GFCC,32,64,0.2,0.4,64,0.001,67.65463917525773
MFCC+GFCC,32,64,0.2,0.4,64,0.0001,68.29896907216495
MFCC+GFCC,32,64,0.3,0.3,16,0.01,68.29896907216495
MFCC+GFCC,32,64,0.3,0.3,16,0.001,74.80670103092784
MFCC+GFCC,32,64,0.3,0.3,16,0.0001,68.23453608247422
MFCC+GFCC,32,64,0.3,0.3,32,0.01,68.29896907216495
MFCC+GFCC,32,64,0.3,0.3,32,0.001,73.71134020618557
MFCC+GFCC,32,64,0.3,0.3,32,0.0001,68.4278350515464
MFCC+GFCC,32,64,0.3,0.3,64,0.01,68.29896907216495
MFCC+GFCC,32,64,0.3,0.3,64,0.001,65.39948453608247
MFCC+GFCC,32,64,0.3,0.3,64,0.0001,68.29896907216495
MFCC+GFCC,32,64,0.3,0.4,16,0.01,68.29896907216495
MFCC+GFCC,32,64,0.3,0.4,16,0.001,73.00257731958763
MFCC+GFCC,32,64,0.3,0.4,16,0.0001,68.4278350515464
MFCC+GFCC,32,64,0.3,0.4,32,0.01,70.42525773195877
MFCC+GFCC,32,64,0.3,0.4,32,0.001,72.42268041237114
MFCC+GFCC,32,64,0.3,0.4,32,0.0001,68.29896907216495
MFCC+GFCC,32,64,0.3,0.4,64,0.01,68.29896907216495
MFCC+GFCC,32,64,0.3,0.4,64,0.001,71.90721649484536
MFCC+GFCC,32,64,0.3,0.4,64,0.0001,68.29896907216495
MFCC+GFCC,32,128,0.2,0.3,16,0.01,68.29896907216495
MFCC+GFCC,32,128,0.2,0.3,16,0.001,74.29123711340206
MFCC+GFCC,32,128,0.2,0.3,16,0.0001,68.4278350515464
MFCC+GFCC,32,128,0.2,0.3,32,0.01,69.6520618556701
MFCC+GFCC,32,128,0.2,0.3,32,0.001,74.29123711340206
MFCC+GFCC,32,128,0.2,0.3,32,0.0001,68.36340206185567
MFCC+GFCC,32,128,0.2,0.3,64,0.01,68.29896907216495
MFCC+GFCC,32,128,0.2,0.3,64,0.001,69.00773195876289
MFCC+GFCC,32,128,0.2,0.3,64,0.0001,68.29896907216495
MFCC+GFCC,32,128,0.2,0.4,16,0.01,68.29896907216495
MFCC+GFCC,32,128,0.2,0.4,16,0.001,74.48453608247422
MFCC+GFCC,32,128,0.2,0.4,16,0.0001,68.36340206185567
MFCC+GFCC,32,128,0.2,0.4,32,0.01,72.80927835051547
MFCC+GFCC,32,128,0.2,0.4,32,0.001,74.16237113402062
MFCC+GFCC,32,128,0.2,0.4,32,0.0001,68.29896907216495
MFCC+GFCC,32,128,0.2,0.4,64,0.01,68.29896907216495
MFCC+GFCC,32,128,0.2,0.4,64,0.001,71.19845360824742
MFCC+GFCC,32,128,0.2,0.4,64,0.0001,68.29896907216495
MFCC+GFCC,32,128,0.3,0.3,16,0.01,68.29896907216495
MFCC+GFCC,32,128,0.3,0.3,16,0.001,75.19329896907216
MFCC+GFCC,32,128,0.3,0.3,16,0.0001,68.1701030927835
MFCC+GFCC,32,128,0.3,0.3,32,0.01,68.29896907216495
MFCC+GFCC,32,128,0.3,0.3,32,0.001,73.96907216494846
MFCC+GFCC,32,128,0.3,0.3,32,0.0001,68.29896907216495
MFCC+GFCC,32,128,0.3,0.3,64,0.01,68.29896907216495
MFCC+GFCC,32,128,0.3,0.3,64,0.001,71.06958762886597
MFCC+GFCC,32,128,0.3,0.3,64,0.0001,68.29896907216495
MFCC+GFCC,32,128,0.3,0.4,16,0.01,68.29896907216495
MFCC+GFCC,32,128,0.3,0.4,16,0.001,75.06443298969072
MFCC+GFCC,32,128,0.3,0.4,16,0.0001,68.36340206185567
MFCC+GFCC,32,128,0.3,0.4,32,0.01,68.29896907216495
MFCC+GFCC,32,128,0.3,0.4,32,0.001,74.0979381443299
MFCC+GFCC,32,128,0.3,0.4,32,0.0001,68.29896907216495
MFCC+GFCC,32,128,0.3,0.4,64,0.01,68.29896907216495
MFCC+GFCC,32,128,0.3,0.4,64,0.001,69.45876288659794
MFCC+GFCC,32,128,0.3,0.4,64,0.0001,68.29896907216495
MFCC+GFCC,32,256,0.2,0.3,16,0.01,68.29896907216495
MFCC+GFCC,32,256,0.2,0.3,16,0.001,74.54896907216495
MFCC+GFCC,32,256,0.2,0.3,16,0.0001,69.6520618556701
MFCC+GFCC,32,256,0.2,0.3,32,0.01,68.29896907216495
MFCC+GFCC,32,256,0.2,0.3,32,0.001,71.84278350515464
MFCC+GFCC,32,256,0.2,0.3,32,0.0001,68.29896907216495
MFCC+GFCC,32,256,0.2,0.3,64,0.01,68.29896907216495
MFCC+GFCC,32,256,0.2,0.3,64,0.001,72.16494845360825
MFCC+GFCC,32,256,0.2,0.3,64,0.0001,66.6881443298969
MFCC+GFCC,32,256,0.2,0.4,16,0.01,68.29896907216495
MFCC+GFCC,32,256,0.2,0.4,16,0.001,75.12886597938144
MFCC+GFCC,32,256,0.2,0.4,16,0.0001,68.87886597938144
MFCC+GFCC,32,256,0.2,0.4,32,0.01,68.29896907216495
MFCC+GFCC,32,256,0.2,0.4,32,0.001,72.74484536082474
MFCC+GFCC,32,256,0.2,0.4,32,0.0001,68.36340206185567
MFCC+GFCC,32,256,0.2,0.4,64,0.01,68.29896907216495
MFCC+GFCC,32,256,0.2,0.4,64,0.001,73.71134020618557
MFCC+GFCC,32,256,0.2,0.4,64,0.0001,68.29896907216495
MFCC+GFCC,32,256,0.3,0.3,16,0.01,68.29896907216495
MFCC+GFCC,32,256,0.3,0.3,16,0.001,74.87113402061856
MFCC+GFCC,32,256,0.3,0.3,16,0.0001,68.81443298969072
MFCC+GFCC,32,256,0.3,0.3,32,0.01,68.29896907216495
MFCC+GFCC,32,256,0.3,0.3,32,0.001,73.19587628865979
MFCC+GFCC,32,256,0.3,0.3,32,0.0001,68.49226804123711
MFCC+GFCC,32,256,0.3,0.3,64,0.01,68.23453608247422
MFCC+GFCC,32,256,0.3,0.3,64,0.001,71.26288659793815
MFCC+GFCC,32,256,0.3,0.3,64,0.0001,68.1701030927835
MFCC+GFCC,32,256,0.3,0.4,16,0.01,69.71649484536083
MFCC+GFCC,32,256,0.3,0.4,16,0.001,74.29123711340206
MFCC+GFCC,32,256,0.3,0.4,16,0.0001,68.29896907216495
MFCC+GFCC,32,256,0.3,0.4,32,0.01,68.29896907216495
MFCC+GFCC,32,256,0.3,0.4,32,0.001,72.9381443298969
MFCC+GFCC,32,256,0.3,0.4,32,0.0001,68.29896907216495
MFCC+GFCC,32,256,0.3,0.4,64,0.01,68.29896907216495
MFCC+GFCC,32,256,0.3,0.4,64,0.001,72.3582474226804
MFCC+GFCC,32,256,0.3,0.4,64,0.0001,68.29896907216495
MFCC+GFCC,64,64,0.2,0.3,16,0.01,68.29896907216495
MFCC+GFCC,64,64,0.2,0.3,16,0.001,68.87886597938144
MFCC+GFCC,64,64,0.2,0.3,16,0.0001,68.29896907216495
MFCC+GFCC,64,64,0.2,0.3,32,0.01,68.29896907216495
MFCC+GFCC,64,64,0.2,0.3,32,0.001,69.71649484536083
MFCC+GFCC,64,64,0.2,0.3,32,0.0001,68.29896907216495
MFCC+GFCC,64,64,0.2,0.3,64,0.01,68.29896907216495
MFCC+GFCC,64,64,0.2,0.3,64,0.001,69.45876288659794
MFCC+GFCC,64,64,0.2,0.3,64,0.0001,68.68556701030928
MFCC+GFCC,64,64,0.2,0.4,16,0.01,68.29896907216495
MFCC+GFCC,64,64,0.2,0.4,16,0.001,73.00257731958763
MFCC+GFCC,64,64,0.2,0.4,16,0.0001,68.55670103092784
MFCC+GFCC,64,64,0.2,0.4,32,0.01,68.29896907216495
MFCC+GFCC,64,64,0.2,0.4,32,0.001,71.90721649484536
MFCC+GFCC,64,64,0.2,0.4,32,0.0001,68.29896907216495
MFCC+GFCC,64,64,0.2,0.4,64,0.01,68.29896907216495
MFCC+GFCC,64,64,0.2,0.4,64,0.001,69.97422680412372
MFCC+GFCC,64,64,0.2,0.4,64,0.0001,68.4278350515464
MFCC+GFCC,64,64,0.3,0.3,16,0.01,68.29896907216495
MFCC+GFCC,64,64,0.3,0.3,16,0.001,72.6159793814433
MFCC+GFCC,64,64,0.3,0.3,16,0.0001,69.97422680412372
MFCC+GFCC,64,64,0.3,0.3,32,0.01,68.10567010309278
MFCC+GFCC,64,64,0.3,0.3,32,0.001,72.10051546391753
MFCC+GFCC,64,64,0.3,0.3,32,0.0001,68.55670103092784
MFCC+GFCC,64,64,0.3,0.3,64,0.01,68.29896907216495
MFCC+GFCC,64,64,0.3,0.3,64,0.001,69.26546391752578
MFCC+GFCC,64,64,0.3,0.3,64,0.0001,68.23453608247422
MFCC+GFCC,64,64,0.3,0.4,16,0.01,68.29896907216495
MFCC+GFCC,64,64,0.3,0.4,16,0.001,73.26030927835052
MFCC+GFCC,64,64,0.3,0.4,16,0.0001,69.3298969072165
MFCC+GFCC,64,64,0.3,0.4,32,0.01,68.29896907216495
MFCC+GFCC,64,64,0.3,0.4,32,0.001,72.3582474226804
MFCC+GFCC,64,64,0.3,0.4,32,0.0001,68.55670103092784
MFCC+GFCC,64,64,0.3,0.4,64,0.01,68.29896907216495
MFCC+GFCC,64,64,0.3,0.4,64,0.001,70.68298969072166
MFCC+GFCC,64,64,0.3,0.4,64,0.0001,68.10567010309278
MFCC+GFCC,64,128,0.2,0.3,16,0.01,68.29896907216495
MFCC+GFCC,64,128,0.2,0.3,16,0.001,71.64948453608247
MFCC+GFCC,64,128,0.2,0.3,16,0.0001,69.3298969072165
MFCC+GFCC,64,128,0.2,0.3,32,0.01,68.29896907216495
MFCC+GFCC,64,128,0.2,0.3,32,0.001,74.16237113402062
MFCC+GFCC,64,128,0.2,0.3,32,0.0001,69.52319587628865
MFCC+GFCC,64,128,0.2,0.3,64,0.01,68.29896907216495
MFCC+GFCC,64,128,0.2,0.3,64,0.001,71.3917525773196
MFCC+GFCC,64,128,0.2,0.3,64,0.0001,68.29896907216495
MFCC+GFCC,64,128,0.2,0.4,16,0.01,68.29896907216495
MFCC+GFCC,64,128,0.2,0.4,16,0.001,72.48711340206185
MFCC+GFCC,64,128,0.2,0.4,16,0.0001,69.71649484536083
MFCC+GFCC,64,128,0.2,0.4,32,0.01,68.29896907216495
MFCC+GFCC,64,128,0.2,0.4,32,0.001,72.16494845360825
MFCC+GFCC,64,128,0.2,0.4,32,0.0001,67.65463917525773
MFCC+GFCC,64,128,0.2,0.4,64,0.01,68.29896907216495
MFCC+GFCC,64,128,0.2,0.4,64,0.001,70.23195876288659
MFCC+GFCC,64,128,0.2,0.4,64,0.0001,68.04123711340206
MFCC+GFCC,64,128,0.3,0.3,16,0.01,68.29896907216495
MFCC+GFCC,64,128,0.3,0.3,16,0.001,71.45618556701031
MFCC+GFCC,64,128,0.3,0.3,16,0.0001,69.6520618556701
MFCC+GFCC,64,128,0.3,0.3,32,0.01,68.29896907216495
MFCC+GFCC,64,128,0.3,0.3,32,0.001,72.55154639175258
MFCC+GFCC,64,128,0.3,0.3,32,0.0001,68.23453608247422
MFCC+GFCC,64,128,0.3,0.3,64,0.01,68.29896907216495
MFCC+GFCC,64,128,0.3,0.3,64,0.001,71.00515463917526
MFCC+GFCC,64,128,0.3,0.3,64,0.0001,68.23453608247422
MFCC+GFCC,64,128,0.3,0.4,16,0.01,68.29896907216495
MFCC+GFCC,64,128,0.3,0.4,16,0.001,74.4201030927835
MFCC+GFCC,64,128,0.3,0.4,16,0.0001,69.58762886597938
MFCC+GFCC,64,128,0.3,0.4,32,0.01,68.29896907216495
MFCC+GFCC,64,128,0.3,0.4,32,0.001,74.54896907216495
MFCC+GFCC,64,128,0.3,0.4,32,0.0001,68.49226804123711
MFCC+GFCC,64,128,0.3,0.4,64,0.01,68.29896907216495
MFCC+GFCC,64,128,0.3,0.4,64,0.001,68.36340206185567
MFCC+GFCC,64,128,0.3,0.4,64,0.0001,68.29896907216495
MFCC+GFCC,64,256,0.2,0.3,16,0.01,68.29896907216495
MFCC+GFCC,64,256,0.2,0.3,16,0.001,74.22680412371135
MFCC+GFCC,64,256,0.2,0.3,16,0.0001,68.29896907216495
MFCC+GFCC,64,256,0.2,0.3,32,0.01,68.29896907216495
MFCC+GFCC,64,256,0.2,0.3,32,0.001,72.6159793814433
MFCC+GFCC,64,256,0.2,0.3,32,0.0001,68.55670103092784
MFCC+GFCC,64,256,0.2,0.3,64,0.01,68.29896907216495
MFCC+GFCC,64,256,0.2,0.3,64,0.001,72.55154639175258
MFCC+GFCC,64,256,0.2,0.3,64,0.0001,65.01288659793815
MFCC+GFCC,64,256,0.2,0.4,16,0.01,68.29896907216495
MFCC+GFCC,64,256,0.2,0.4,16,0.001,75.06443298969072
MFCC+GFCC,64,256,0.2,0.4,16,0.0001,70.8118556701031
MFCC+GFCC,64,256,0.2,0.4,32,0.01,68.29896907216495
MFCC+GFCC,64,256,0.2,0.4,32,0.001,74.54896907216495
MFCC+GFCC,64,256,0.2,0.4,32,0.0001,68.29896907216495
MFCC+GFCC,64,256,0.2,0.4,64,0.01,68.29896907216495
MFCC+GFCC,64,256,0.2,0.4,64,0.001,72.68041237113403
MFCC+GFCC,64,256,0.2,0.4,64,0.0001,68.29896907216495
MFCC+GFCC,64,256,0.3,0.3,16,0.01,68.29896907216495
MFCC+GFCC,64,256,0.3,0.3,16,0.001,74.4201030927835
MFCC+GFCC,64,256,0.3,0.3,16,0.0001,69.52319587628865
MFCC+GFCC,64,256,0.3,0.3,32,0.01,68.29896907216495
MFCC+GFCC,64,256,0.3,0.3,32,0.001,75.19329896907216
MFCC+GFCC,64,256,0.3,0.3,32,0.0001,69.6520618556701
MFCC+GFCC,64,256,0.3,0.3,64,0.01,68.29896907216495
MFCC+GFCC,64,256,0.3,0.3,64,0.001,71.52061855670104
MFCC+GFCC,64,256,0.3,0.3,64,0.0001,68.49226804123711
MFCC+GFCC,64,256,0.3,0.4,16,0.01,68.29896907216495
MFCC+GFCC,64,256,0.3,0.4,16,0.001,74.80670103092784
MFCC+GFCC,64,256,0.3,0.4,16,0.0001,68.10567010309278
MFCC+GFCC,64,256,0.3,0.4,32,0.01,68.29896907216495
MFCC+GFCC,64,256,0.3,0.4,32,0.001,72.6159793814433
MFCC+GFCC,64,256,0.3,0.4,32,0.0001,69.20103092783505
MFCC+GFCC,64,256,0.3,0.4,64,0.01,68.29896907216495
MFCC+GFCC,64,256,0.3,0.4,64,0.001,73.06701030927834
MFCC+GFCC,64,256,0.3,0.4,64,0.0001,68.75
MFCC+GFCC,128,64,0.2,0.3,16,0.01,68.29896907216495
MFCC+GFCC,128,64,0.2,0.3,16,0.001,72.29381443298969
MFCC+GFCC,128,64,0.2,0.3,16,0.0001,69.84536082474227
MFCC+GFCC,128,64,0.2,0.3,32,0.01,68.29896907216495
MFCC+GFCC,128,64,0.2,0.3,32,0.001,70.48969072164948
MFCC+GFCC,128,64,0.2,0.3,32,0.0001,68.81443298969072
MFCC+GFCC,128,64,0.2,0.3,64,0.01,68.29896907216495
MFCC+GFCC,128,64,0.2,0.3,64,0.001,68.36340206185567
MFCC+GFCC,128,64,0.2,0.3,64,0.0001,68.23453608247422
MFCC+GFCC,128,64,0.2,0.4,16,0.01,68.29896907216495
MFCC+GFCC,128,64,0.2,0.4,16,0.001,72.55154639175258
MFCC+GFCC,128,64,0.2,0.4,16,0.0001,72.22938144329896
MFCC+GFCC,128,64,0.2,0.4,32,0.01,68.29896907216495
MFCC+GFCC,128,64,0.2,0.4,32,0.001,73.00257731958763
MFCC+GFCC,128,64,0.2,0.4,32,0.0001,68.29896907216495
MFCC+GFCC,128,64,0.2,0.4,64,0.01,68.29896907216495
MFCC+GFCC,128,64,0.2,0.4,64,0.001,70.61855670103093
MFCC+GFCC,128,64,0.2,0.4,64,0.0001,68.29896907216495
MFCC+GFCC,128,64,0.3,0.3,16,0.01,68.29896907216495
MFCC+GFCC,128,64,0.3,0.3,16,0.001,74.35567010309278
MFCC+GFCC,128,64,0.3,0.3,16,0.0001,70.36082474226804
MFCC+GFCC,128,64,0.3,0.3,32,0.01,68.29896907216495
MFCC+GFCC,128,64,0.3,0.3,32,0.001,73.45360824742268
MFCC+GFCC,128,64,0.3,0.3,32,0.0001,67.97680412371135
MFCC+GFCC,128,64,0.3,0.3,64,0.01,68.29896907216495
MFCC+GFCC,128,64,0.3,0.3,64,0.001,67.78350515463917
MFCC+GFCC,128,64,0.3,0.3,64,0.0001,67.52577319587628
MFCC+GFCC,128,64,0.3,0.4,16,0.01,68.29896907216495
MFCC+GFCC,128,64,0.3,0.4,16,0.001,70.55412371134021
MFCC+GFCC,128,64,0.3,0.4,16,0.0001,69.97422680412372
MFCC+GFCC,128,64,0.3,0.4,32,0.01,68.29896907216495
MFCC+GFCC,128,64,0.3,0.4,32,0.001,71.00515463917526
MFCC+GFCC,128,64,0.3,0.4,32,0.0001,68.29896907216495
MFCC+GFCC,128,64,0.3,0.4,64,0.01,68.29896907216495
MFCC+GFCC,128,64,0.3,0.4,64,0.001,68.4278350515464
MFCC+GFCC,128,64,0.3,0.4,64,0.0001,68.55670103092784
MFCC+GFCC,128,128,0.2,0.3,16,0.01,68.29896907216495
MFCC+GFCC,128,128,0.2,0.3,16,0.001,69.39432989690722
MFCC+GFCC,128,128,0.2,0.3,16,0.0001,70.61855670103093
MFCC+GFCC,128,128,0.2,0.3,32,0.01,68.29896907216495
MFCC+GFCC,128,128,0.2,0.3,32,0.001,69.84536082474227
MFCC+GFCC,128,128,0.2,0.3,32,0.0001,70.68298969072166
MFCC+GFCC,128,128,0.2,0.3,64,0.01,68.29896907216495
MFCC+GFCC,128,128,0.2,0.3,64,0.001,70.29639175257732
MFCC+GFCC,128,128,0.2,0.3,64,0.0001,68.29896907216495
MFCC+GFCC,128,128,0.2,0.4,16,0.01,68.29896907216495
MFCC+GFCC,128,128,0.2,0.4,16,0.001,70.55412371134021
MFCC+GFCC,128,128,0.2,0.4,16,0.0001,71.97164948453609
MFCC+GFCC,128,128,0.2,0.4,32,0.01,68.29896907216495
MFCC+GFCC,128,128,0.2,0.4,32,0.001,73.00257731958763
MFCC+GFCC,128,128,0.2,0.4,32,0.0001,69.6520618556701
MFCC+GFCC,128,128,0.2,0.4,64,0.01,68.29896907216495
MFCC+GFCC,128,128,0.2,0.4,64,0.001,70.55412371134021
MFCC+GFCC,128,128,0.2,0.4,64,0.0001,68.29896907216495
MFCC+GFCC,128,128,0.3,0.3,16,0.01,68.29896907216495
MFCC+GFCC,128,128,0.3,0.3,16,0.001,74.22680412371135
MFCC+GFCC,128,128,0.3,0.3,16,0.0001,69.26546391752578
MFCC+GFCC,128,128,0.3,0.3,32,0.01,68.29896907216495
MFCC+GFCC,128,128,0.3,0.3,32,0.001,71.97164948453609
MFCC+GFCC,128,128,0.3,0.3,32,0.0001,68.36340206185567
MFCC+GFCC,128,128,0.3,0.3,64,0.01,68.29896907216495
MFCC+GFCC,128,128,0.3,0.3,64,0.001,68.55670103092784
MFCC+GFCC,128,128,0.3,0.3,64,0.0001,68.29896907216495
MFCC+GFCC,128,128,0.3,0.4,16,0.01,68.29896907216495
MFCC+GFCC,128,128,0.3,0.4,16,0.001,70.68298969072166
MFCC+GFCC,128,128,0.3,0.4,16,0.0001,70.48969072164948
MFCC+GFCC,128,128,0.3,0.4,32,0.01,68.29896907216495
MFCC+GFCC,128,128,0.3,0.4,32,0.001,69.90979381443299
MFCC+GFCC,128,128,0.3,0.4,32,0.0001,69.26546391752578
MFCC+GFCC,128,128,0.3,0.4,64,0.01,68.29896907216495
MFCC+GFCC,128,128,0.3,0.4,64,0.001,68.75
MFCC+GFCC,128,128,0.3,0.4,64,0.0001,68.29896907216495
MFCC+GFCC,128,256,0.2,0.3,16,0.01,68.29896907216495
MFCC+GFCC,128,256,0.2,0.3,16,0.001,74.54896907216495
MFCC+GFCC,128,256,0.2,0.3,16,0.0001,72.0360824742268
MFCC+GFCC,128,256,0.2,0.3,32,0.01,68.29896907216495
MFCC+GFCC,128,256,0.2,0.3,32,0.001,72.16494845360825
MFCC+GFCC,128,256,0.2,0.3,32,0.0001,70.48969072164948
MFCC+GFCC,128,256,0.2,0.3,64,0.01,68.29896907216495
MFCC+GFCC,128,256,0.2,0.3,64,0.001,69.58762886597938
MFCC+GFCC,128,256,0.2,0.3,64,0.0001,69.26546391752578
MFCC+GFCC,128,256,0.2,0.4,16,0.01,68.29896907216495
MFCC+GFCC,128,256,0.2,0.4,16,0.001,73.77577319587628
MFCC+GFCC,128,256,0.2,0.4,16,0.0001,70.03865979381443
MFCC+GFCC,128,256,0.2,0.4,32,0.01,68.29896907216495
MFCC+GFCC,128,256,0.2,0.4,32,0.001,71.64948453608247
MFCC+GFCC,128,256,0.2,0.4,32,0.0001,70.36082474226804
MFCC+GFCC,128,256,0.2,0.4,64,0.01,68.29896907216495
MFCC+GFCC,128,256,0.2,0.4,64,0.001,70.61855670103093
MFCC+GFCC,128,256,0.2,0.4,64,0.0001,68.49226804123711
MFCC+GFCC,128,256,0.3,0.3,16,0.01,68.29896907216495
MFCC+GFCC,128,256,0.3,0.3,16,0.001,73.71134020618557
MFCC+GFCC,128,256,0.3,0.3,16,0.0001,72.16494845360825
MFCC+GFCC,128,256,0.3,0.3,32,0.01,68.29896907216495
MFCC+GFCC,128,256,0.3,0.3,32,0.001,73.26030927835052
MFCC+GFCC,128,256,0.3,0.3,32,0.0001,71.64948453608247
MFCC+GFCC,128,256,0.3,0.3,64,0.01,68.29896907216495
MFCC+GFCC,128,256,0.3,0.3,64,0.001,70.55412371134021
MFCC+GFCC,128,256,0.3,0.3,64,0.0001,68.94329896907216
MFCC+GFCC,128,256,0.3,0.4,16,0.01,68.29896907216495
MFCC+GFCC,128,256,0.3,0.4,16,0.001,73.77577319587628
MFCC+GFCC,128,256,0.3,0.4,16,0.0001,72.87371134020619
MFCC+GFCC,128,256,0.3,0.4,32,0.01,68.29896907216495
MFCC+GFCC,128,256,0.3,0.4,32,0.001,73.19587628865979
MFCC+GFCC,128,256,0.3,0.4,32,0.0001,69.97422680412372
MFCC+GFCC,128,256,0.3,0.4,64,0.01,68.29896907216495
MFCC+GFCC,128,256,0.3,0.4,64,0.001,69.84536082474227
MFCC+GFCC,128,256,0.3,0.4,64,0.0001,68.04123711340206
MFCC+LPC,32,64,0.2,0.3,16,0.01,68.62113402061856
MFCC+LPC,32,64,0.2,0.3,16,0.001,71.3917525773196
MFCC+LPC,32,64,0.2,0.3,16,0.0001,68.94329896907216
MFCC+LPC,32,64,0.2,0.3,32,0.01,66.43041237113403
MFCC+LPC,32,64,0.2,0.3,32,0.001,70.55412371134021
MFCC+LPC,32,64,0.2,0.3,32,0.0001,68.29896907216495
MFCC+LPC,32,64,0.2,0.3,64,0.01,67.97680412371135
MFCC+LPC,32,64,0.2,0.3,64,0.001,67.13917525773196
MFCC+LPC,32,64,0.2,0.3,64,0.0001,68.36340206185567
MFCC+LPC,32,64,0.2,0.4,16,0.01,69.90979381443299
MFCC+LPC,32,64,0.2,0.4,16,0.001,71.7139175257732
MFCC+LPC,32,64,0.2,0.4,16,0.0001,68.4278350515464
MFCC+LPC,32,64,0.2,0.4,32,0.01,68.55670103092784
MFCC+LPC,32,64,0.2,0.4,32,0.001,69.13659793814433
MFCC+LPC,32,64,0.2,0.4,32,0.0001,68.4278350515464
MFCC+LPC,32,64,0.2,0.4,64,0.01,68.10567010309278
MFCC+LPC,32,64,0.2,0.4,64,0.001,69.00773195876289
MFCC+LPC,32,64,0.2,0.4,64,0.0001,68.29896907216495
MFCC+LPC,32,64,0.3,0.3,16,0.01,68.4278350515464
MFCC+LPC,32,64,0.3,0.3,16,0.001,70.42525773195877
MFCC+LPC,32,64,0.3,0.3,16,0.0001,68.4278350515464
MFCC+LPC,32,64,0.3,0.3,32,0.01,68.1701030927835
MFCC+LPC,32,64,0.3,0.3,32,0.001,69.58762886597938
MFCC+LPC,32,64,0.3,0.3,32,0.0001,68.23453608247422
MFCC+LPC,32,64,0.3,0.3,64,0.01,68.81443298969072
MFCC+LPC,32,64,0.3,0.3,64,0.001,68.68556701030928
MFCC+LPC,32,64,0.3,0.3,64,0.0001,68.29896907216495
MFCC+LPC,32,64,0.3,0.4,16,0.01,69.0721649484536
MFCC+LPC,32,64,0.3,0.4,16,0.001,70.94072164948453
MFCC+LPC,32,64,0.3,0.4,16,0.0001,68.49226804123711
MFCC+LPC,32,64,0.3,0.4,32,0.01,68.29896907216495
MFCC+LPC,32,64,0.3,0.4,32,0.001,69.26546391752578
MFCC+LPC,32,64,0.3,0.4,32,0.0001,68.4278350515464
MFCC+LPC,32,64,0.3,0.4,64,0.01,68.4278350515464
MFCC+LPC,32,64,0.3,0.4,64,0.001,68.55670103092784
MFCC+LPC,32,64,0.3,0.4,64,0.0001,68.29896907216495
MFCC+LPC,32,128,0.2,0.3,16,0.01,68.29896907216495
MFCC+LPC,32,128,0.2,0.3,16,0.001,71.58505154639175
MFCC+LPC,32,128,0.2,0.3,16,0.0001,68.4278350515464
MFCC+LPC,32,128,0.2,0.3,32,0.01,68.4278350515464
MFCC+LPC,32,128,0.2,0.3,32,0.001,70.36082474226804
MFCC+LPC,32,128,0.2,0.3,32,0.0001,68.4278350515464
MFCC+LPC,32,128,0.2,0.3,64,0.01,68.29896907216495
MFCC+LPC,32,128,0.2,0.3,64,0.001,69.58762886597938
MFCC+LPC,32,128,0.2,0.3,64,0.0001,68.36340206185567
MFCC+LPC,32,128,0.2,0.4,16,0.01,68.29896907216495
MFCC+LPC,32,128,0.2,0.4,16,0.001,70.42525773195877
MFCC+LPC,32,128,0.2,0.4,16,0.0001,68.29896907216495
MFCC+LPC,32,128,0.2,0.4,32,0.01,68.29896907216495
MFCC+LPC,32,128,0.2,0.4,32,0.001,69.78092783505154
MFCC+LPC,32,128,0.2,0.4,32,0.0001,68.68556701030928
MFCC+LPC,32,128,0.2,0.4,64,0.01,68.75
MFCC+LPC,32,128,0.2,0.4,64,0.001,69.45876288659794
MFCC+LPC,32,128,0.2,0.4,64,0.0001,68.4278350515464
MFCC+LPC,32,128,0.3,0.3,16,0.01,68.29896907216495
MFCC+LPC,32,128,0.3,0.3,16,0.001,70.16752577319588
MFCC+LPC,32,128,0.3,0.3,16,0.0001,68.49226804123711
MFCC+LPC,32,128,0.3,0.3,32,0.01,68.29896907216495
MFCC+LPC,32,128,0.3,0.3,32,0.001,67.26804123711341
MFCC+LPC,32,128,0.3,0.3,32,0.0001,68.62113402061856
MFCC+LPC,32,128,0.3,0.3,64,0.01,68.68556701030928
MFCC+LPC,32,128,0.3,0.3,64,0.001,68.81443298969072
MFCC+LPC,32,128,0.3,0.3,64,0.0001,68.36340206185567
MFCC+LPC,32,128,0.3,0.4,16,0.01,68.29896907216495
MFCC+LPC,32,128,0.3,0.4,16,0.001,71.64948453608247
MFCC+LPC,32,128,0.3,0.4,16,0.0001,68.81443298969072
MFCC+LPC,32,128,0.3,0.4,32,0.01,68.29896907216495
MFCC+LPC,32,128,0.3,0.4,32,0.001,69.45876288659794
MFCC+LPC,32,128,0.3,0.4,32,0.0001,68.55670103092784
MFCC+LPC,32,128,0.3,0.4,64,0.01,68.36340206185567
MFCC+LPC,32,128,0.3,0.4,64,0.001,68.68556701030928
MFCC+LPC,32,128,0.3,0.4,64,0.0001,68.29896907216495
MFCC+LPC,32,256,0.2,0.3,16,0.01,69.71649484536083
MFCC+LPC,32,256,0.2,0.3,16,0.001,70.61855670103093
MFCC+LPC,32,256,0.2,0.3,16,0.0001,68.75
MFCC+LPC,32,256,0.2,0.3,32,0.01,67.78350515463917
MFCC+LPC,32,256,0.2,0.3,32,0.001,69.3298969072165
MFCC+LPC,32,256,0.2,0.3,32,0.0001,68.55670103092784
MFCC+LPC,32,256,0.2,0.3,64,0.01,68.29896907216495
MFCC+LPC,32,256,0.2,0.3,64,0.001,69.13659793814433
MFCC+LPC,32,256,0.2,0.3,64,0.0001,68.36340206185567
MFCC+LPC,32,256,0.2,0.4,16,0.01,68.29896907216495
MFCC+LPC,32,256,0.2,0.4,16,0.001,70.94072164948453
MFCC+LPC,32,256,0.2,0.4,16,0.0001,69.00773195876289
MFCC+LPC,32,256,0.2,0.4,32,0.01,68.29896907216495
MFCC+LPC,32,256,0.2,0.4,32,0.001,71.19845360824742
MFCC+LPC,32,256,0.2,0.4,32,0.0001,68.49226804123711
MFCC+LPC,32,256,0.2,0.4,64,0.01,68.29896907216495
MFCC+LPC,32,256,0.2,0.4,64,0.001,69.45876288659794
MFCC+LPC,32,256,0.2,0.4,64,0.0001,68.55670103092784
MFCC+LPC,32,256,0.3,0.3,16,0.01,68.23453608247422
MFCC+LPC,32,256,0.3,0.3,16,0.001,70.74742268041237
MFCC+LPC,32,256,0.3,0.3,16,0.0001,68.55670103092784
MFCC+LPC,32,256,0.3,0.3,32,0.01,68.29896907216495
MFCC+LPC,32,256,0.3,0.3,32,0.001,70.55412371134021
MFCC+LPC,32,256,0.3,0.3,32,0.0001,68.55670103092784
MFCC+LPC,32,256,0.3,0.3,64,0.01,68.29896907216495
MFCC+LPC,32,256,0.3,0.3,64,0.001,70.29639175257732
MFCC+LPC,32,256,0.3,0.3,64,0.0001,68.29896907216495
MFCC+LPC,32,256,0.3,0.4,16,0.01,68.29896907216495
MFCC+LPC,32,256,0.3,0.4,16,0.001,72.0360824742268
MFCC+LPC,32,256,0.3,0.4,16,0.0001,68.49226804123711
MFCC+LPC,32,256,0.3,0.4,32,0.01,68.29896907216495
MFCC+LPC,32,256,0.3,0.4,32,0.001,70.61855670103093
MFCC+LPC,32,256,0.3,0.4,32,0.0001,68.55670103092784
MFCC+LPC,32,256,0.3,0.4,64,0.01,68.29896907216495
MFCC+LPC,32,256,0.3,0.4,64,0.001,69.3298969072165
MFCC+LPC,32,256,0.3,0.4,64,0.0001,68.36340206185567
MFCC+LPC,64,64,0.2,0.3,16,0.01,68.29896907216495
MFCC+LPC,64,64,0.2,0.3,16,0.001,69.90979381443299
MFCC+LPC,64,64,0.2,0.3,16,0.0001,67.65463917525773
MFCC+LPC,64,64,0.2,0.3,32,0.01,68.29896907216495
MFCC+LPC,64,64,0.2,0.3,32,0.001,69.58762886597938
MFCC+LPC,64,64,0.2,0.3,32,0.0001,68.55670103092784
MFCC+LPC,64,64,0.2,0.3,64,0.01,68.36340206185567
MFCC+LPC,64,64,0.2,0.3,64,0.001,68.68556701030928
MFCC+LPC,64,64,0.2,0.3,64,0.0001,68.49226804123711
MFCC+LPC,64,64,0.2,0.4,16,0.01,68.29896907216495
MFCC+LPC,64,64,0.2,0.4,16,0.001,69.20103092783505
MFCC+LPC,64,64,0.2,0.4,16,0.0001,68.94329896907216
MFCC+LPC,64,64,0.2,0.4,32,0.01,68.29896907216495
MFCC+LPC,64,64,0.2,0.4,32,0.001,68.81443298969072
MFCC+LPC,64,64,0.2,0.4,32,0.0001,68.23453608247422
MFCC+LPC,64,64,0.2,0.4,64,0.01,68.29896907216495
MFCC+LPC,64,64,0.2,0.4,64,0.001,68.1701030927835
MFCC+LPC,64,64,0.2,0.4,64,0.0001,68.36340206185567
MFCC+LPC,64,64,0.3,0.3,16,0.01,68.29896907216495
MFCC+LPC,64,64,0.3,0.3,16,0.001,70.23195876288659
MFCC+LPC,64,64,0.3,0.3,16,0.0001,68.81443298969072
MFCC+LPC,64,64,0.3,0.3,32,0.01,68.29896907216495
MFCC+LPC,64,64,0.3,0.3,32,0.001,69.6520618556701
MFCC+LPC,64,64,0.3,0.3,32,0.0001,68.49226804123711
MFCC+LPC,64,64,0.3,0.3,64,0.01,68.68556701030928
MFCC+LPC,64,64,0.3,0.3,64,0.001,68.36340206185567
MFCC+LPC,64,64,0.3,0.3,64,0.0001,68.23453608247422
MFCC+LPC,64,64,0.3,0.4,16,0.01,68.29896907216495
MFCC+LPC,64,64,0.3,0.4,16,0.001,70.48969072164948
MFCC+LPC,64,64,0.3,0.4,16,0.0001,68.29896907216495
MFCC+LPC,64,64,0.3,0.4,32,0.01,68.29896907216495
MFCC+LPC,64,64,0.3,0.4,32,0.001,69.97422680412372
MFCC+LPC,64,64,0.3,0.4,32,0.0001,68.49226804123711
MFCC+LPC,64,64,0.3,0.4,64,0.01,68.29896907216495
MFCC+LPC,64,64,0.3,0.4,64,0.001,69.20103092783505
MFCC+LPC,64,64,0.3,0.4,64,0.0001,68.4278350515464
MFCC+LPC,64,128,0.2,0.3,16,0.01,68.29896907216495
MFCC+LPC,64,128,0.2,0.3,16,0.001,69.84536082474227
MFCC+LPC,64,128,0.2,0.3,16,0.0001,69.13659793814433
MFCC+LPC,64,128,0.2,0.3,32,0.01,68.29896907216495
MFCC+LPC,64,128,0.2,0.3,32,0.001,69.90979381443299
MFCC+LPC,64,128,0.2,0.3,32,0.0001,68.62113402061856
MFCC+LPC,64,128,0.2,0.3,64,0.01,68.29896907216495
MFCC+LPC,64,128,0.2,0.3,64,0.001,68.94329896907216
MFCC+LPC,64,128,0.2,0.3,64,0.0001,68.36340206185567
MFCC+LPC,64,128,0.2,0.4,16,0.01,68.29896907216495
MFCC+LPC,64,128,0.2,0.4,16,0.001,69.26546391752578
MFCC+LPC,64,128,0.2,0.4,16,0.0001,69.26546391752578
MFCC+LPC,64,128,0.2,0.4,32,0.01,68.62113402061856
MFCC+LPC,64,128,0.2,0.4,32,0.001,70.16752577319588
MFCC+LPC,64,128,0.2,0.4,32,0.0001,68.55670103092784
MFCC+LPC,64,128,0.2,0.4,64,0.01,68.29896907216495
MFCC+LPC,64,128,0.2,0.4,64,0.001,69.58762886597938
MFCC+LPC,64,128,0.2,0.4,64,0.0001,68.4278350515464
MFCC+LPC,64,128,0.3,0.3,16,0.01,58.76288659793814
MFCC+LPC,64,128,0.3,0.3,16,0.001,70.68298969072166
MFCC+LPC,64,128,0.3,0.3,16,0.0001,68.62113402061856
MFCC+LPC,64,128,0.3,0.3,32,0.01,68.29896907216495
MFCC+LPC,64,128,0.3,0.3,32,0.001,68.23453608247422
MFCC+LPC,64,128,0.3,0.3,32,0.0001,68.4278350515464
MFCC+LPC,64,128,0.3,0.3,64,0.01,68.29896907216495
MFCC+LPC,64,128,0.3,0.3,64,0.001,68.55670103092784
MFCC+LPC,64,128,0.3,0.3,64,0.0001,68.23453608247422
MFCC+LPC,64,128,0.3,0.4,16,0.01,68.29896907216495
MFCC+LPC,64,128,0.3,0.4,16,0.001,69.97422680412372
MFCC+LPC,64,128,0.3,0.4,16,0.0001,68.49226804123711
MFCC+LPC,64,128,0.3,0.4,32,0.01,68.29896907216495
MFCC+LPC,64,128,0.3,0.4,32,0.001,70.74742268041237
MFCC+LPC,64,128,0.3,0.4,32,0.0001,68.36340206185567
MFCC+LPC,64,128,0.3,0.4,64,0.01,68.29896907216495
MFCC+LPC,64,128,0.3,0.4,64,0.001,68.23453608247422
MFCC+LPC,64,128,0.3,0.4,64,0.0001,68.49226804123711
MFCC+LPC,64,256,0.2,0.3,16,0.01,68.29896907216495
MFCC+LPC,64,256,0.2,0.3,16,0.001,70.74742268041237
MFCC+LPC,64,256,0.2,0.3,16,0.0001,68.81443298969072
MFCC+LPC,64,256,0.2,0.3,32,0.01,68.4278350515464
MFCC+LPC,64,256,0.2,0.3,32,0.001,71.3917525773196
MFCC+LPC,64,256,0.2,0.3,32,0.0001,68.68556701030928
MFCC+LPC,64,256,0.2,0.3,64,0.01,68.29896907216495
MFCC+LPC,64,256,0.2,0.3,64,0.001,68.75
MFCC+LPC,64,256,0.2,0.3,64,0.0001,68.4278350515464
MFCC+LPC,64,256,0.2,0.4,16,0.01,68.29896907216495
MFCC+LPC,64,256,0.2,0.4,16,0.001,71.90721649484536
MFCC+LPC,64,256,0.2,0.4,16,0.0001,68.49226804123711
MFCC+LPC,64,256,0.2,0.4,32,0.01,68.29896907216495
MFCC+LPC,64,256,0.2,0.4,32,0.001,71.52061855670104
MFCC+LPC,64,256,0.2,0.4,32,0.0001,69.13659793814433
MFCC+LPC,64,256,0.2,0.4,64,0.01,68.29896907216495
MFCC+LPC,64,256,0.2,0.4,64,0.001,69.39432989690722
MFCC+LPC,64,256,0.2,0.4,64,0.0001,68.62113402061856
MFCC+LPC,64,256,0.3,0.3,16,0.01,68.29896907216495
MFCC+LPC,64,256,0.3,0.3,16,0.001,70.16752577319588
MFCC+LPC,64,256,0.3,0.3,16,0.0001,69.0721649484536
MFCC+LPC,64,256,0.3,0.3,32,0.01,68.29896907216495
MFCC+LPC,64,256,0.3,0.3,32,0.001,70.03865979381443
MFCC+LPC,64,256,0.3,0.3,32,0.0001,68.55670103092784
MFCC+LPC,64,256,0.3,0.3,64,0.01,68.29896907216495
MFCC+LPC,64,256,0.3,0.3,64,0.001,69.52319587628865
MFCC+LPC,64,256,0.3,0.3,64,0.0001,68.4278350515464
MFCC+LPC,64,256,0.3,0.4,16,0.01,68.29896907216495
MFCC+LPC,64,256,0.3,0.4,16,0.001,71.58505154639175
MFCC+LPC,64,256,0.3,0.4,16,0.0001,68.04123711340206
MFCC+LPC,64,256,0.3,0.4,32,0.01,69.00773195876289
MFCC+LPC,64,256,0.3,0.4,32,0.001,71.77835051546391
MFCC+LPC,64,256,0.3,0.4,32,0.0001,68.49226804123711
MFCC+LPC,64,256,0.3,0.4,64,0.01,68.29896907216495
MFCC+LPC,64,256,0.3,0.4,64,0.001,67.26804123711341
MFCC+LPC,64,256,0.3,0.4,64,0.0001,68.4278350515464
MFCC+LPC,128,64,0.2,0.3,16,0.01,68.29896907216495
MFCC+LPC,128,64,0.2,0.3,16,0.001,69.00773195876289
MFCC+LPC,128,64,0.2,0.3,16,0.0001,69.00773195876289
MFCC+LPC,128,64,0.2,0.3,32,0.01,68.29896907216495
MFCC+LPC,128,64,0.2,0.3,32,0.001,68.29896907216495
MFCC+LPC,128,64,0.2,0.3,32,0.0001,68.62113402061856
MFCC+LPC,128,64,0.2,0.3,64,0.01,68.29896907216495
MFCC+LPC,128,64,0.2,0.3,64,0.001,66.6881443298969
MFCC+LPC,128,64,0.2,0.3,64,0.0001,68.75
MFCC+LPC,128,64,0.2,0.4,16,0.01,68.62113402061856
MFCC+LPC,128,64,0.2,0.4,16,0.001,69.58762886597938
MFCC+LPC,128,64,0.2,0.4,16,0.0001,68.29896907216495
MFCC+LPC,128,64,0.2,0.4,32,0.01,68.29896907216495
MFCC+LPC,128,64,0.2,0.4,32,0.001,69.39432989690722
MFCC+LPC,128,64,0.2,0.4,32,0.0001,68.10567010309278
MFCC+LPC,128,64,0.2,0.4,64,0.01,68.29896907216495
MFCC+LPC,128,64,0.2,0.4,64,0.001,68.29896907216495
MFCC+LPC,128,64,0.2,0.4,64,0.0001,68.36340206185567
MFCC+LPC,128,64,0.3,0.3,16,0.01,68.29896907216495
MFCC+LPC,128,64,0.3,0.3,16,0.001,68.49226804123711
MFCC+LPC,128,64,0.3,0.3,16,0.0001,68.87886597938144
MFCC+LPC,128,64,0.3,0.3,32,0.01,68.29896907216495
MFCC+LPC,128,64,0.3,0.3,32,0.001,69.0721649484536
MFCC+LPC,128,64,0.3,0.3,32,0.0001,68.75
MFCC+LPC,128,64,0.3,0.3,64,0.01,68.29896907216495
MFCC+LPC,128,64,0.3,0.3,64,0.001,69.00773195876289
MFCC+LPC,128,64,0.3,0.3,64,0.0001,68.81443298969072
MFCC+LPC,128,64,0.3,0.4,16,0.01,68.29896907216495
MFCC+LPC,128,64,0.3,0.4,16,0.001,69.20103092783505
MFCC+LPC,128,64,0.3,0.4,16,0.0001,68.94329896907216
MFCC+LPC,128,64,0.3,0.4,32,0.01,68.29896907216495
MFCC+LPC,128,64,0.3,0.4,32,0.001,69.52319587628865
MFCC+LPC,128,64,0.3,0.4,32,0.0001,68.4278350515464
MFCC+LPC,128,64,0.3,0.4,64,0.01,68.29896907216495
MFCC+LPC,128,64,0.3,0.4,64,0.001,69.00773195876289
MFCC+LPC,128,64,0.3,0.4,64,0.0001,68.62113402061856
MFCC+LPC,128,128,0.2,0.3,16,0.01,68.29896907216495
MFCC+LPC,128,128,0.2,0.3,16,0.001,70.03865979381443
MFCC+LPC,128,128,0.2,0.3,16,0.0001,68.81443298969072
MFCC+LPC,128,128,0.2,0.3,32,0.01,68.29896907216495
MFCC+LPC,128,128,0.2,0.3,32,0.001,69.13659793814433
MFCC+LPC,128,128,0.2,0.3,32,0.0001,67.07474226804123
MFCC+LPC,128,128,0.2,0.3,64,0.01,68.29896907216495
MFCC+LPC,128,128,0.2,0.3,64,0.001,68.81443298969072
MFCC+LPC,128,128,0.2,0.3,64,0.0001,68.68556701030928
MFCC+LPC,128,128,0.2,0.4,16,0.01,68.29896907216495
MFCC+LPC,128,128,0.2,0.4,16,0.001,69.20103092783505
MFCC+LPC,128,128,0.2,0.4,16,0.0001,67.59020618556701
MFCC+LPC,128,128,0.2,0.4,32,0.01,68.29896907216495
MFCC+LPC,128,128,0.2,0.4,32,0.001,68.68556701030928
MFCC+LPC,128,128,0.2,0.4,32,0.0001,68.49226804123711
MFCC+LPC,128,128,0.2,0.4,64,0.01,68.29896907216495
MFCC+LPC,128,128,0.2,0.4,64,0.001,68.94329896907216
MFCC+LPC,128,128,0.2,0.4,64,0.0001,68.49226804123711
MFCC+LPC,128,128,0.3,0.3,16,0.01,68.29896907216495
MFCC+LPC,128,128,0.3,0.3,16,0.001,69.58762886597938
MFCC+LPC,128,128,0.3,0.3,16,0.0001,68.49226804123711
MFCC+LPC,128,128,0.3,0.3,32,0.01,68.29896907216495
MFCC+LPC,128,128,0.3,0.3,32,0.001,69.20103092783505
MFCC+LPC,128,128,0.3,0.3,32,0.0001,68.68556701030928
MFCC+LPC,128,128,0.3,0.3,64,0.01,68.29896907216495
MFCC+LPC,128,128,0.3,0.3,64,0.001,68.49226804123711
MFCC+LPC,128,128,0.3,0.3,64,0.0001,68.75
MFCC+LPC,128,128,0.3,0.4,16,0.01,69.90979381443299
MFCC+LPC,128,128,0.3,0.4,16,0.001,69.71649484536083
MFCC+LPC,128,128,0.3,0.4,16,0.0001,69.0721649484536
MFCC+LPC,128,128,0.3,0.4,32,0.01,68.29896907216495
MFCC+LPC,128,128,0.3,0.4,32,0.001,68.81443298969072
MFCC+LPC,128,128,0.3,0.4,32,0.0001,68.94329896907216
MFCC+LPC,128,128,0.3,0.4,64,0.01,68.29896907216495
MFCC+LPC,128,128,0.3,0.4,64,0.001,69.20103092783505
MFCC+LPC,128,128,0.3,0.4,64,0.0001,68.75
MFCC+LPC,128,256,0.2,0.3,16,0.01,68.29896907216495
MFCC+LPC,128,256,0.2,0.3,16,0.001,70.29639175257732
MFCC+LPC,128,256,0.2,0.3,16,0.0001,69.52319587628865
MFCC+LPC,128,256,0.2,0.3,32,0.01,68.29896907216495
MFCC+LPC,128,256,0.2,0.3,32,0.001,69.00773195876289
MFCC+LPC,128,256,0.2,0.3,32,0.0001,68.87886597938144
MFCC+LPC,128,256,0.2,0.3,64,0.01,68.29896907216495
MFCC+LPC,128,256,0.2,0.3,64,0.001,69.0721649484536
MFCC+LPC,128,256,0.2,0.3,64,0.0001,68.4278350515464
MFCC+LPC,128,256,0.2,0.4,16,0.01,68.29896907216495
MFCC+LPC,128,256,0.2,0.4,16,0.001,68.94329896907216
MFCC+LPC,128,256,0.2,0.4,16,0.0001,69.20103092783505
MFCC+LPC,128,256,0.2,0.4,32,0.01,68.29896907216495
MFCC+LPC,128,256,0.2,0.4,32,0.001,69.90979381443299
MFCC+LPC,128,256,0.2,0.4,32,0.0001,69.20103092783505
MFCC+LPC,128,256,0.2,0.4,64,0.01,68.29896907216495
MFCC+LPC,128,256,0.2,0.4,64,0.001,68.75
MFCC+LPC,128,256,0.2,0.4,64,0.0001,69.0721649484536
MFCC+LPC,128,256,0.3,0.3,16,0.01,68.29896907216495
MFCC+LPC,128,256,0.3,0.3,16,0.001,69.84536082474227
MFCC+LPC,128,256,0.3,0.3,16,0.0001,69.26546391752578
MFCC+LPC,128,256,0.3,0.3,32,0.01,68.29896907216495
MFCC+LPC,128,256,0.3,0.3,32,0.001,69.71649484536083
MFCC+LPC,128,256,0.3,0.3,32,0.0001,69.00773195876289
MFCC+LPC,128,256,0.3,0.3,64,0.01,68.29896907216495
MFCC+LPC,128,256,0.3,0.3,64,0.001,68.94329896907216
MFCC+LPC,128,256,0.3,0.3,64,0.0001,68.4278350515464
MFCC+LPC,128,256,0.3,0.4,16,0.01,68.29896907216495
MFCC+LPC,128,256,0.3,0.4,16,0.001,69.6520618556701
MFCC+LPC,128,256,0.3,0.4,16,0.0001,68.87886597938144
MFCC+LPC,128,256,0.3,0.4,32,0.01,68.29896907216495
MFCC+LPC,128,256,0.3,0.4,32,0.001,69.45876288659794
MFCC+LPC,128,256,0.3,0.4,32,0.0001,68.49226804123711
MFCC+LPC,128,256,0.3,0.4,64,0.01,68.29896907216495
MFCC+LPC,128,256,0.3,0.4,64,0.001,68.75
MFCC+LPC,128,256,0.3,0.4,64,0.0001,68.81443298969072
GFCC+LPC,32,64,0.2,0.3,16,0.01,70.03865979381443
GFCC+LPC,32,64,0.2,0.3,16,0.001,70.42525773195877
GFCC+LPC,32,64,0.2,0.3,16,0.0001,67.71907216494846
GFCC+LPC,32,64,0.2,0.3,32,0.01,68.29896907216495
GFCC+LPC,32,64,0.2,0.3,32,0.001,70.68298969072166
GFCC+LPC,32,64,0.2,0.3,32,0.0001,66.62371134020619
GFCC+LPC,32,64,0.2,0.3,64,0.01,68.29896907216495
GFCC+LPC,32,64,0.2,0.3,64,0.001,69.26546391752578
GFCC+LPC,32,64,0.2,0.3,64,0.0001,68.36340206185567
GFCC+LPC,32,64,0.2,0.4,16,0.01,71.00515463917526
GFCC+LPC,32,64,0.2,0.4,16,0.001,71.06958762886597
GFCC+LPC,32,64,0.2,0.4,16,0.0001,67.97680412371135
GFCC+LPC,32,64,0.2,0.4,32,0.01,68.29896907216495
GFCC+LPC,32,64,0.2,0.4,32,0.001,70.61855670103093
GFCC+LPC,32,64,0.2,0.4,32,0.0001,68.1701030927835
GFCC+LPC,32,64,0.2,0.4,64,0.01,69.90979381443299
GFCC+LPC,32,64,0.2,0.4,64,0.001,66.81701030927834
GFCC+LPC,32,64,0.2,0.4,64,0.0001,68.1701030927835
GFCC+LPC,32,64,0.3,0.3,16,0.01,68.62113402061856
GFCC+LPC,32,64,0.3,0.3,16,0.001,69.84536082474227
GFCC+LPC,32,64,0.3,0.3,16,0.0001,68.1701030927835
GFCC+LPC,32,64,0.3,0.3,32,0.01,68.29896907216495
GFCC+LPC,32,64,0.3,0.3,32,0.001,69.90979381443299
GFCC+LPC,32,64,0.3,0.3,32,0.0001,67.78350515463917
GFCC+LPC,32,64,0.3,0.3,64,0.01,68.29896907216495
GFCC+LPC,32,64,0.3,0.3,64,0.001,67.91237113402062
GFCC+LPC,32,64,0.3,0.3,64,0.0001,68.29896907216495
GFCC+LPC,32,64,0.3,0.4,16,0.01,71.84278350515464
GFCC+LPC,32,64,0.3,0.4,16,0.001,70.29639175257732
GFCC+LPC,32,64,0.3,0.4,16,0.0001,68.68556701030928
GFCC+LPC,32,64,0.3,0.4,32,0.01,68.29896907216495
GFCC+LPC,32,64,0.3,0.4,32,0.001,70.10309278350516
GFCC+LPC,32,64,0.3,0.4,32,0.0001,68.36340206185567
GFCC+LPC,32,64,0.3,0.4,64,0.01,68.29896907216495
GFCC+LPC,32,64,0.3,0.4,64,0.001,69.13659793814433
GFCC+LPC,32,64,0.3,0.4,64,0.0001,68.23453608247422
GFCC+LPC,32,128,0.2,0.3,16,0.01,68.29896907216495
GFCC+LPC,32,128,0.2,0.3,16,0.001,72.29381443298969
GFCC+LPC,32,128,0.2,0.3,16,0.0001,67.65463917525773
GFCC+LPC,32,128,0.2,0.3,32,0.01,68.29896907216495
GFCC+LPC,32,128,0.2,0.3,32,0.001,69.0721649484536
GFCC+LPC,32,128,0.2,0.3,32,0.0001,68.04123711340206
GFCC+LPC,32,128,0.2,0.3,64,0.01,68.29896907216495
GFCC+LPC,32,128,0.2,0.3,64,0.001,59.34278350515464
GFCC+LPC,32,128,0.2,0.3,64,0.0001,68.36340206185567
GFCC+LPC,32,128,0.2,0.4,16,0.01,68.29896907216495
GFCC+LPC,32,128,0.2,0.4,16,0.001,72.6159793814433
GFCC+LPC,32,128,0.2,0.4,16,0.0001,68.10567010309278
GFCC+LPC,32,128,0.2,0.4,32,0.01,68.29896907216495
GFCC+LPC,32,128,0.2,0.4,32,0.001,70.16752577319588
GFCC+LPC,32,128,0.2,0.4,32,0.0001,68.62113402061856
GFCC+LPC,32,128,0.2,0.4,64,0.01,68.29896907216495
GFCC+LPC,32,128,0.2,0.4,64,0.001,68.10567010309278
GFCC+LPC,32,128,0.2,0.4,64,0.0001,68.36340206185567
GFCC+LPC,32,128,0.3,0.3,16,0.01,73.26030927835052
GFCC+LPC,32,128,0.3,0.3,16,0.001,71.97164948453609
GFCC+LPC,32,128,0.3,0.3,16,0.0001,65.72164948453609
GFCC+LPC,32,128,0.3,0.3,32,0.01,68.29896907216495
GFCC+LPC,32,128,0.3,0.3,32,0.001,71.06958762886597
GFCC+LPC,32,128,0.3,0.3,32,0.0001,68.10567010309278
GFCC+LPC,32,128,0.3,0.3,64,0.01,68.29896907216495
GFCC+LPC,32,128,0.3,0.3,64,0.001,68.81443298969072
GFCC+LPC,32,128,0.3,0.3,64,0.0001,68.23453608247422
GFCC+LPC,32,128,0.3,0.4,16,0.01,71.84278350515464
GFCC+LPC,32,128,0.3,0.4,16,0.001,72.87371134020619
GFCC+LPC,32,128,0.3,0.4,16,0.0001,68.1701030927835
GFCC+LPC,32,128,0.3,0.4,32,0.01,71.26288659793815
GFCC+LPC,32,128,0.3,0.4,32,0.001,70.8118556701031
GFCC+LPC,32,128,0.3,0.4,32,0.0001,64.75515463917526
GFCC+LPC,32,128,0.3,0.4,64,0.01,68.62113402061856
GFCC+LPC,32,128,0.3,0.4,64,0.001,68.75
GFCC+LPC,32,128,0.3,0.4,64,0.0001,67.71907216494846
GFCC+LPC,32,256,0.2,0.3,16,0.01,68.29896907216495
GFCC+LPC,32,256,0.2,0.3,16,0.001,72.3582474226804
GFCC+LPC,32,256,0.2,0.3,16,0.0001,67.71907216494846
GFCC+LPC,32,256,0.2,0.3,32,0.01,68.29896907216495
GFCC+LPC,32,256,0.2,0.3,32,0.001,69.97422680412372
GFCC+LPC,32,256,0.2,0.3,32,0.0001,67.91237113402062
GFCC+LPC,32,256,0.2,0.3,64,0.01,68.29896907216495
GFCC+LPC,32,256,0.2,0.3,64,0.001,71.52061855670104
GFCC+LPC,32,256,0.2,0.3,64,0.0001,68.4278350515464
GFCC+LPC,32,256,0.2,0.4,16,0.01,73.13144329896907
GFCC+LPC,32,256,0.2,0.4,16,0.001,72.29381443298969
GFCC+LPC,32,256,0.2,0.4,16,0.0001,68.87886597938144
GFCC+LPC,32,256,0.2,0.4,32,0.01,68.29896907216495
GFCC+LPC,32,256,0.2,0.4,32,0.001,71.1340206185567
GFCC+LPC,32,256,0.2,0.4,32,0.0001,67.07474226804123
GFCC+LPC,32,256,0.2,0.4,64,0.01,68.87886597938144
GFCC+LPC,32,256,0.2,0.4,64,0.001,66.49484536082474
GFCC+LPC,32,256,0.2,0.4,64,0.0001,68.10567010309278
GFCC+LPC,32,256,0.3,0.3,16,0.01,68.29896907216495
GFCC+LPC,32,256,0.3,0.3,16,0.001,70.8118556701031
GFCC+LPC,32,256,0.3,0.3,16,0.0001,68.36340206185567
GFCC+LPC,32,256,0.3,0.3,32,0.01,68.29896907216495
GFCC+LPC,32,256,0.3,0.3,32,0.001,70.23195876288659
GFCC+LPC,32,256,0.3,0.3,32,0.0001,68.36340206185567
GFCC+LPC,32,256,0.3,0.3,64,0.01,68.29896907216495
GFCC+LPC,32,256,0.3,0.3,64,0.001,68.68556701030928
GFCC+LPC,32,256,0.3,0.3,64,0.0001,68.49226804123711
GFCC+LPC,32,256,0.3,0.4,16,0.01,68.29896907216495
GFCC+LPC,32,256,0.3,0.4,16,0.001,70.68298969072166
GFCC+LPC,32,256,0.3,0.4,16,0.0001,67.91237113402062
GFCC+LPC,32,256,0.3,0.4,32,0.01,68.29896907216495
GFCC+LPC,32,256,0.3,0.4,32,0.001,69.90979381443299
GFCC+LPC,32,256,0.3,0.4,32,0.0001,68.1701030927835
GFCC+LPC,32,256,0.3,0.4,64,0.01,68.29896907216495
GFCC+LPC,32,256,0.3,0.4,64,0.001,65.1417525773196
GFCC+LPC,32,256,0.3,0.4,64,0.0001,68.1701030927835
GFCC+LPC,64,64,0.2,0.3,16,0.01,68.29896907216495
GFCC+LPC,64,64,0.2,0.3,16,0.001,68.29896907216495
GFCC+LPC,64,64,0.2,0.3,16,0.0001,68.10567010309278
GFCC+LPC,64,64,0.2,0.3,32,0.01,68.29896907216495
GFCC+LPC,64,64,0.2,0.3,32,0.001,71.45618556701031
GFCC+LPC,64,64,0.2,0.3,32,0.0001,68.23453608247422
GFCC+LPC,64,64,0.2,0.3,64,0.01,68.29896907216495
GFCC+LPC,64,64,0.2,0.3,64,0.001,63.46649484536083
GFCC+LPC,64,64,0.2,0.3,64,0.0001,68.29896907216495
GFCC+LPC,64,64,0.2,0.4,16,0.01,68.29896907216495
GFCC+LPC,64,64,0.2,0.4,16,0.001,70.23195876288659
GFCC+LPC,64,64,0.2,0.4,16,0.0001,68.23453608247422
GFCC+LPC,64,64,0.2,0.4,32,0.01,68.29896907216495
GFCC+LPC,64,64,0.2,0.4,32,0.001,69.0721649484536
GFCC+LPC,64,64,0.2,0.4,32,0.0001,68.23453608247422
GFCC+LPC,64,64,0.2,0.4,64,0.01,68.4278350515464
GFCC+LPC,64,64,0.2,0.4,64,0.001,65.4639175257732
GFCC+LPC,64,64,0.2,0.4,64,0.0001,67.46134020618557
GFCC+LPC,64,64,0.3,0.3,16,0.01,68.29896907216495
GFCC+LPC,64,64,0.3,0.3,16,0.001,71.06958762886597
GFCC+LPC,64,64,0.3,0.3,16,0.0001,68.62113402061856
GFCC+LPC,64,64,0.3,0.3,32,0.01,68.29896907216495
GFCC+LPC,64,64,0.3,0.3,32,0.001,70.42525773195877
GFCC+LPC,64,64,0.3,0.3,32,0.0001,68.1701030927835
GFCC+LPC,64,64,0.3,0.3,64,0.01,68.29896907216495
GFCC+LPC,64,64,0.3,0.3,64,0.001,69.13659793814433
GFCC+LPC,64,64,0.3,0.3,64,0.0001,68.29896907216495
GFCC+LPC,64,64,0.3,0.4,16,0.01,68.29896907216495
GFCC+LPC,64,64,0.3,0.4,16,0.001,69.90979381443299
GFCC+LPC,64,64,0.3,0.4,16,0.0001,68.04123711340206
GFCC+LPC,64,64,0.3,0.4,32,0.01,68.29896907216495
GFCC+LPC,64,64,0.3,0.4,32,0.001,70.29639175257732
GFCC+LPC,64,64,0.3,0.4,32,0.0001,67.33247422680412
GFCC+LPC,64,64,0.3,0.4,64,0.01,68.29896907216495
GFCC+LPC,64,64,0.3,0.4,64,0.001,69.3298969072165
GFCC+LPC,64,64,0.3,0.4,64,0.0001,68.29896907216495
GFCC+LPC,64,128,0.2,0.3,16,0.01,68.29896907216495
GFCC+LPC,64,128,0.2,0.3,16,0.001,71.84278350515464
GFCC+LPC,64,128,0.2,0.3,16,0.0001,68.36340206185567
GFCC+LPC,64,128,0.2,0.3,32,0.01,68.29896907216495
GFCC+LPC,64,128,0.2,0.3,32,0.001,70.42525773195877
GFCC+LPC,64,128,0.2,0.3,32,0.0001,67.8479381443299
GFCC+LPC,64,128,0.2,0.3,64,0.01,68.29896907216495
GFCC+LPC,64,128,0.2,0.3,64,0.001,69.58762886597938
GFCC+LPC,64,128,0.2,0.3,64,0.0001,67.8479381443299
GFCC+LPC,64,128,0.2,0.4,16,0.01,68.29896907216495
GFCC+LPC,64,128,0.2,0.4,16,0.001,70.29639175257732
GFCC+LPC,64,128,0.2,0.4,16,0.0001,68.87886597938144
GFCC+LPC,64,128,0.2,0.4,32,0.01,68.29896907216495
GFCC+LPC,64,128,0.2,0.4,32,0.001,70.10309278350516
GFCC+LPC,64,128,0.2,0.4,32,0.0001,67.97680412371135
GFCC+LPC,64,128,0.2,0.4,64,0.01,68.29896907216495
GFCC+LPC,64,128,0.2,0.4,64,0.001,69.78092783505154
GFCC+LPC,64,128,0.2,0.4,64,0.0001,67.78350515463917
GFCC+LPC,64,128,0.3,0.3,16,0.01,72.3582474226804
GFCC+LPC,64,128,0.3,0.3,16,0.001,73.45360824742268
GFCC+LPC,64,128,0.3,0.3,16,0.0001,69.00773195876289
GFCC+LPC,64,128,0.3,0.3,32,0.01,68.29896907216495
GFCC+LPC,64,128,0.3,0.3,32,0.001,70.03865979381443
GFCC+LPC,64,128,0.3,0.3,32,0.0001,68.04123711340206
GFCC+LPC,64,128,0.3,0.3,64,0.01,68.29896907216495
GFCC+LPC,64,128,0.3,0.3,64,0.001,69.71649484536083
GFCC+LPC,64,128,0.3,0.3,64,0.0001,68.29896907216495
GFCC+LPC,64,128,0.3,0.4,16,0.01,68.29896907216495
GFCC+LPC,64,128,0.3,0.4,16,0.001,71.97164948453609
GFCC+LPC,64,128,0.3,0.4,16,0.0001,68.62113402061856
GFCC+LPC,64,128,0.3,0.4,32,0.01,68.29896907216495
GFCC+LPC,64,128,0.3,0.4,32,0.001,70.10309278350516
GFCC+LPC,64,128,0.3,0.4,32,0.0001,68.10567010309278
GFCC+LPC,64,128,0.3,0.4,64,0.01,68.29896907216495
GFCC+LPC,64,128,0.3,0.4,64,0.001,69.20103092783505
GFCC+LPC,64,128,0.3,0.4,64,0.0001,68.29896907216495
GFCC+LPC,64,256,0.2,0.3,16,0.01,68.29896907216495
GFCC+LPC,64,256,0.2,0.3,16,0.001,73.84020618556701
GFCC+LPC,64,256,0.2,0.3,16,0.0001,69.71649484536083
GFCC+LPC,64,256,0.2,0.3,32,0.01,68.29896907216495
GFCC+LPC,64,256,0.2,0.3,32,0.001,71.1340206185567
GFCC+LPC,64,256,0.2,0.3,32,0.0001,68.49226804123711
GFCC+LPC,64,256,0.2,0.3,64,0.01,68.29896907216495
GFCC+LPC,64,256,0.2,0.3,64,0.001,70.29639175257732
GFCC+LPC,64,256,0.2,0.3,64,0.0001,68.4278350515464
GFCC+LPC,64,256,0.2,0.4,16,0.01,68.29896907216495
GFCC+LPC,64,256,0.2,0.4,16,0.001,72.55154639175258
GFCC+LPC,64,256,0.2,0.4,16,0.0001,69.45876288659794
GFCC+LPC,64,256,0.2,0.4,32,0.01,68.29896907216495
GFCC+LPC,64,256,0.2,0.4,32,0.001,71.7139175257732
GFCC+LPC,64,256,0.2,0.4,32,0.0001,68.49226804123711
GFCC+LPC,64,256,0.2,0.4,64,0.01,68.29896907216495
GFCC+LPC,64,256,0.2,0.4,64,0.001,65.1417525773196
GFCC+LPC,64,256,0.2,0.4,64,0.0001,68.55670103092784
GFCC+LPC,64,256,0.3,0.3,16,0.01,68.29896907216495
GFCC+LPC,64,256,0.3,0.3,16,0.001,73.19587628865979
GFCC+LPC,64,256,0.3,0.3,16,0.0001,69.39432989690722
GFCC+LPC,64,256,0.3,0.3,32,0.01,68.29896907216495
GFCC+LPC,64,256,0.3,0.3,32,0.001,69.20103092783505
GFCC+LPC,64,256,0.3,0.3,32,0.0001,68.68556701030928
GFCC+LPC,64,256,0.3,0.3,64,0.01,68.29896907216495
GFCC+LPC,64,256,0.3,0.3,64,0.001,69.84536082474227
GFCC+LPC,64,256,0.3,0.3,64,0.0001,68.29896907216495
GFCC+LPC,64,256,0.3,0.4,16,0.01,68.29896907216495
GFCC+LPC,64,256,0.3,0.4,16,0.001,72.29381443298969
GFCC+LPC,64,256,0.3,0.4,16,0.0001,68.81443298969072
GFCC+LPC,64,256,0.3,0.4,32,0.01,68.29896907216495
GFCC+LPC,64,256,0.3,0.4,32,0.001,70.36082474226804
GFCC+LPC,64,256,0.3,0.4,32,0.0001,64.69072164948453
GFCC+LPC,64,256,0.3,0.4,64,0.01,68.29896907216495
GFCC+LPC,64,256,0.3,0.4,64,0.001,70.10309278350516
GFCC+LPC,64,256,0.3,0.4,64,0.0001,68.62113402061856
GFCC+LPC,128,64,0.2,0.3,16,0.01,68.29896907216495
GFCC+LPC,128,64,0.2,0.3,16,0.001,71.97164948453609
GFCC+LPC,128,64,0.2,0.3,16,0.0001,68.68556701030928
GFCC+LPC,128,64,0.2,0.3,32,0.01,68.29896907216495
GFCC+LPC,128,64,0.2,0.3,32,0.001,70.16752577319588
GFCC+LPC,128,64,0.2,0.3,32,0.0001,68.29896907216495
GFCC+LPC,128,64,0.2,0.3,64,0.01,68.29896907216495
GFCC+LPC,128,64,0.2,0.3,64,0.001,68.81443298969072
GFCC+LPC,128,64,0.2,0.3,64,0.0001,65.97938144329896
GFCC+LPC,128,64,0.2,0.4,16,0.01,68.29896907216495
GFCC+LPC,128,64,0.2,0.4,16,0.001,67.78350515463917
GFCC+LPC,128,64,0.2,0.4,16,0.0001,69.26546391752578
GFCC+LPC,128,64,0.2,0.4,32,0.01,68.29896907216495
GFCC+LPC,128,64,0.2,0.4,32,0.001,67.78350515463917
GFCC+LPC,128,64,0.2,0.4,32,0.0001,68.04123711340206
GFCC+LPC,128,64,0.2,0.4,64,0.01,68.29896907216495
GFCC+LPC,128,64,0.2,0.4,64,0.001,68.55670103092784
GFCC+LPC,128,64,0.2,0.4,64,0.0001,68.23453608247422
GFCC+LPC,128,64,0.3,0.3,16,0.01,68.29896907216495
GFCC+LPC,128,64,0.3,0.3,16,0.001,71.06958762886597
GFCC+LPC,128,64,0.3,0.3,16,0.0001,69.26546391752578
GFCC+LPC,128,64,0.3,0.3,32,0.01,68.29896907216495
GFCC+LPC,128,64,0.3,0.3,32,0.001,69.97422680412372
GFCC+LPC,128,64,0.3,0.3,32,0.0001,68.36340206185567
GFCC+LPC,128,64,0.3,0.3,64,0.01,68.29896907216495
GFCC+LPC,128,64,0.3,0.3,64,0.001,68.49226804123711
GFCC+LPC,128,64,0.3,0.3,64,0.0001,68.49226804123711
GFCC+LPC,128,64,0.3,0.4,16,0.01,68.29896907216495
GFCC+LPC,128,64,0.3,0.4,16,0.001,69.39432989690722
GFCC+LPC,128,64,0.3,0.4,16,0.0001,68.87886597938144
GFCC+LPC,128,64,0.3,0.4,32,0.01,68.29896907216495
GFCC+LPC,128,64,0.3,0.4,32,0.001,70.36082474226804
GFCC+LPC,128,64,0.3,0.4,32,0.0001,68.29896907216495
GFCC+LPC,128,64,0.3,0.4,64,0.01,68.29896907216495
GFCC+LPC,128,64,0.3,0.4,64,0.001,68.49226804123711
GFCC+LPC,128,64,0.3,0.4,64,0.0001,67.97680412371135
GFCC+LPC,128,128,0.2,0.3,16,0.01,68.29896907216495
GFCC+LPC,128,128,0.2,0.3,16,0.001,70.16752577319588
GFCC+LPC,128,128,0.2,0.3,16,0.0001,69.6520618556701
GFCC+LPC,128,128,0.2,0.3,32,0.01,68.29896907216495
GFCC+LPC,128,128,0.2,0.3,32,0.001,69.71649484536083
GFCC+LPC,128,128,0.2,0.3,32,0.0001,69.3298969072165
GFCC+LPC,128,128,0.2,0.3,64,0.01,68.29896907216495
GFCC+LPC,128,128,0.2,0.3,64,0.001,68.87886597938144
GFCC+LPC,128,128,0.2,0.3,64,0.0001,66.49484536082474
GFCC+LPC,128,128,0.2,0.4,16,0.01,68.29896907216495
GFCC+LPC,128,128,0.2,0.4,16,0.001,72.42268041237114
GFCC+LPC,128,128,0.2,0.4,16,0.0001,69.39432989690722
GFCC+LPC,128,128,0.2,0.4,32,0.01,68.29896907216495
GFCC+LPC,128,128,0.2,0.4,32,0.001,70.10309278350516
GFCC+LPC,128,128,0.2,0.4,32,0.0001,68.75
GFCC+LPC,128,128,0.2,0.4,64,0.01,68.29896907216495
GFCC+LPC,128,128,0.2,0.4,64,0.001,68.1701030927835
GFCC+LPC,128,128,0.2,0.4,64,0.0001,67.78350515463917
GFCC+LPC,128,128,0.3,0.3,16,0.01,68.29896907216495
GFCC+LPC,128,128,0.3,0.3,16,0.001,70.03865979381443
GFCC+LPC,128,128,0.3,0.3,16,0.0001,69.13659793814433
GFCC+LPC,128,128,0.3,0.3,32,0.01,68.29896907216495
GFCC+LPC,128,128,0.3,0.3,32,0.001,69.52319587628865
GFCC+LPC,128,128,0.3,0.3,32,0.0001,68.75
GFCC+LPC,128,128,0.3,0.3,64,0.01,68.29896907216495
GFCC+LPC,128,128,0.3,0.3,64,0.001,69.39432989690722
GFCC+LPC,128,128,0.3,0.3,64,0.0001,68.68556701030928
GFCC+LPC,128,128,0.3,0.4,16,0.01,68.29896907216495
GFCC+LPC,128,128,0.3,0.4,16,0.001,69.26546391752578
GFCC+LPC,128,128,0.3,0.4,16,0.0001,69.00773195876289
GFCC+LPC,128,128,0.3,0.4,32,0.01,68.29896907216495
GFCC+LPC,128,128,0.3,0.4,32,0.001,69.26546391752578
GFCC+LPC,128,128,0.3,0.4,32,0.0001,68.81443298969072
GFCC+LPC,128,128,0.3,0.4,64,0.01,68.29896907216495
GFCC+LPC,128,128,0.3,0.4,64,0.001,68.49226804123711
GFCC+LPC,128,128,0.3,0.4,64,0.0001,68.62113402061856
GFCC+LPC,128,256,0.2,0.3,16,0.01,68.29896907216495
GFCC+LPC,128,256,0.2,0.3,16,0.001,73.45360824742268
GFCC+LPC,128,256,0.2,0.3,16,0.0001,69.58762886597938
GFCC+LPC,128,256,0.2,0.3,32,0.01,68.29896907216495
GFCC+LPC,128,256,0.2,0.3,32,0.001,70.74742268041237
GFCC+LPC,128,256,0.2,0.3,32,0.0001,68.87886597938144
GFCC+LPC,128,256,0.2,0.3,64,0.01,68.29896907216495
GFCC+LPC,128,256,0.2,0.3,64,0.001,67.65463917525773
GFCC+LPC,128,256,0.2,0.3,64,0.0001,68.55670103092784
GFCC+LPC,128,256,0.2,0.4,16,0.01,68.29896907216495
GFCC+LPC,128,256,0.2,0.4,16,0.001,72.55154639175258
GFCC+LPC,128,256,0.2,0.4,16,0.0001,70.55412371134021
GFCC+LPC,128,256,0.2,0.4,32,0.01,68.29896907216495
GFCC+LPC,128,256,0.2,0.4,32,0.001,68.36340206185567
GFCC+LPC,128,256,0.2,0.4,32,0.0001,68.23453608247422
GFCC+LPC,128,256,0.2,0.4,64,0.01,68.29896907216495
GFCC+LPC,128,256,0.2,0.4,64,0.001,69.39432989690722
GFCC+LPC,128,256,0.2,0.4,64,0.0001,68.81443298969072
GFCC+LPC,128,256,0.3,0.3,16,0.01,68.29896907216495
GFCC+LPC,128,256,0.3,0.3,16,0.001,70.36082474226804
GFCC+LPC,128,256,0.3,0.3,16,0.0001,68.94329896907216
GFCC+LPC,128,256,0.3,0.3,32,0.01,68.29896907216495
GFCC+LPC,128,256,0.3,0.3,32,0.001,68.62113402061856
GFCC+LPC,128,256,0.3,0.3,32,0.0001,57.98969072164948
GFCC+LPC,128,256,0.3,0.3,64,0.01,68.29896907216495
GFCC+LPC,128,256,0.3,0.3,64,0.001,66.75257731958763
GFCC+LPC,128,256,0.3,0.3,64,0.0001,68.62113402061856
GFCC+LPC,128,256,0.3,0.4,16,0.01,68.29896907216495
GFCC+LPC,128,256,0.3,0.4,16,0.001,70.10309278350516
GFCC+LPC,128,256,0.3,0.4,16,0.0001,68.23453608247422
GFCC+LPC,128,256,0.3,0.4,32,0.01,68.29896907216495
GFCC+LPC,128,256,0.3,0.4,32,0.001,64.69072164948453
GFCC+LPC,128,256,0.3,0.4,32,0.0001,69.39432989690722
GFCC+LPC,128,256,0.3,0.4,64,0.01,68.29896907216495
GFCC+LPC,128,256,0.3,0.4,64,0.001,69.39432989690722
GFCC+LPC,128,256,0.3,0.4,64,0.0001,66.88144329896907
MFCC+GFCC+LPC,32,64,0.2,0.3,16,0.01,72.48711340206185
MFCC+GFCC+LPC,32,64,0.2,0.3,16,0.001,71.97164948453609
MFCC+GFCC+LPC,32,64,0.2,0.3,16,0.0001,68.23453608247422
MFCC+GFCC+LPC,32,64,0.2,0.3,32,0.01,69.97422680412372
MFCC+GFCC+LPC,32,64,0.2,0.3,32,0.001,70.87628865979381
MFCC+GFCC+LPC,32,64,0.2,0.3,32,0.0001,68.36340206185567
MFCC+GFCC+LPC,32,64,0.2,0.3,64,0.01,68.29896907216495
MFCC+GFCC+LPC,32,64,0.2,0.3,64,0.001,70.29639175257732
MFCC+GFCC+LPC,32,64,0.2,0.3,64,0.0001,68.29896907216495
MFCC+GFCC+LPC,32,64,0.2,0.4,16,0.01,70.10309278350516
MFCC+GFCC+LPC,32,64,0.2,0.4,16,0.001,72.68041237113403
MFCC+GFCC+LPC,32,64,0.2,0.4,16,0.0001,68.49226804123711
MFCC+GFCC+LPC,32,64,0.2,0.4,32,0.01,70.29639175257732
MFCC+GFCC+LPC,32,64,0.2,0.4,32,0.001,71.7139175257732
MFCC+GFCC+LPC,32,64,0.2,0.4,32,0.0001,68.29896907216495
MFCC+GFCC+LPC,32,64,0.2,0.4,64,0.01,69.3298969072165
MFCC+GFCC+LPC,32,64,0.2,0.4,64,0.001,71.45618556701031
MFCC+GFCC+LPC,32,64,0.2,0.4,64,0.0001,68.29896907216495
MFCC+GFCC+LPC,32,64,0.3,0.3,16,0.01,68.29896907216495
MFCC+GFCC+LPC,32,64,0.3,0.3,16,0.001,73.26030927835052
MFCC+GFCC+LPC,32,64,0.3,0.3,16,0.0001,68.29896907216495
MFCC+GFCC+LPC,32,64,0.3,0.3,32,0.01,68.29896907216495
MFCC+GFCC+LPC,32,64,0.3,0.3,32,0.001,72.42268041237114
MFCC+GFCC+LPC,32,64,0.3,0.3,32,0.0001,68.29896907216495
MFCC+GFCC+LPC,32,64,0.3,0.3,64,0.01,68.29896907216495
MFCC+GFCC+LPC,32,64,0.3,0.3,64,0.001,69.97422680412372
MFCC+GFCC+LPC,32,64,0.3,0.3,64,0.0001,68.29896907216495
MFCC+GFCC+LPC,32,64,0.3,0.4,16,0.01,68.29896907216495
MFCC+GFCC+LPC,32,64,0.3,0.4,16,0.001,72.74484536082474
MFCC+GFCC+LPC,32,64,0.3,0.4,16,0.0001,68.29896907216495
MFCC+GFCC+LPC,32,64,0.3,0.4,32,0.01,68.29896907216495
MFCC+GFCC+LPC,32,64,0.3,0.4,32,0.001,72.0360824742268
MFCC+GFCC+LPC,32,64,0.3,0.4,32,0.0001,68.29896907216495
MFCC+GFCC+LPC,32,64,0.3,0.4,64,0.01,68.36340206185567
MFCC+GFCC+LPC,32,64,0.3,0.4,64,0.001,68.81443298969072
MFCC+GFCC+LPC,32,64,0.3,0.4,64,0.0001,68.29896907216495
MFCC+GFCC+LPC,32,128,0.2,0.3,16,0.01,68.29896907216495
MFCC+GFCC+LPC,32,128,0.2,0.3,16,0.001,73.38917525773196
MFCC+GFCC+LPC,32,128,0.2,0.3,16,0.0001,68.55670103092784
MFCC+GFCC+LPC,32,128,0.2,0.3,32,0.01,68.29896907216495
MFCC+GFCC+LPC,32,128,0.2,0.3,32,0.001,73.00257731958763
MFCC+GFCC+LPC,32,128,0.2,0.3,32,0.0001,68.29896907216495
MFCC+GFCC+LPC,32,128,0.2,0.3,64,0.01,68.29896907216495
MFCC+GFCC+LPC,32,128,0.2,0.3,64,0.001,70.74742268041237
MFCC+GFCC+LPC,32,128,0.2,0.3,64,0.0001,68.29896907216495
MFCC+GFCC+LPC,32,128,0.2,0.4,16,0.01,68.29896907216495
MFCC+GFCC+LPC,32,128,0.2,0.4,16,0.001,74.03350515463917
MFCC+GFCC+LPC,32,128,0.2,0.4,16,0.0001,68.10567010309278
MFCC+GFCC+LPC,32,128,0.2,0.4,32,0.01,69.78092783505154
MFCC+GFCC+LPC,32,128,0.2,0.4,32,0.001,72.55154639175258
MFCC+GFCC+LPC,32,128,0.2,0.4,32,0.0001,68.23453608247422
MFCC+GFCC+LPC,32,128,0.2,0.4,64,0.01,68.49226804123711
MFCC+GFCC+LPC,32,128,0.2,0.4,64,0.001,69.97422680412372
MFCC+GFCC+LPC,32,128,0.2,0.4,64,0.0001,68.29896907216495
MFCC+GFCC+LPC,32,128,0.3,0.3,16,0.01,70.8118556701031
MFCC+GFCC+LPC,32,128,0.3,0.3,16,0.001,73.58247422680412
MFCC+GFCC+LPC,32,128,0.3,0.3,16,0.0001,68.29896907216495
MFCC+GFCC+LPC,32,128,0.3,0.3,32,0.01,68.29896907216495
MFCC+GFCC+LPC,32,128,0.3,0.3,32,0.001,72.68041237113403
MFCC+GFCC+LPC,32,128,0.3,0.3,32,0.0001,68.29896907216495
MFCC+GFCC+LPC,32,128,0.3,0.3,64,0.01,68.62113402061856
MFCC+GFCC+LPC,32,128,0.3,0.3,64,0.001,71.77835051546391
MFCC+GFCC+LPC,32,128,0.3,0.3,64,0.0001,68.29896907216495
MFCC+GFCC+LPC,32,128,0.3,0.4,16,0.01,68.29896907216495
MFCC+GFCC+LPC,32,128,0.3,0.4,16,0.001,72.0360824742268
MFCC+GFCC+LPC,32,128,0.3,0.4,16,0.0001,67.59020618556701
MFCC+GFCC+LPC,32,128,0.3,0.4,32,0.01,68.29896907216495
MFCC+GFCC+LPC,32,128,0.3,0.4,32,0.001,68.87886597938144
MFCC+GFCC+LPC,32,128,0.3,0.4,32,0.0001,68.29896907216495
MFCC+GFCC+LPC,32,128,0.3,0.4,64,0.01,68.29896907216495
MFCC+GFCC+LPC,32,128,0.3,0.4,64,0.001,70.03865979381443
MFCC+GFCC+LPC,32,128,0.3,0.4,64,0.0001,68.29896907216495
MFCC+GFCC+LPC,32,256,0.2,0.3,16,0.01,70.8118556701031
MFCC+GFCC+LPC,32,256,0.2,0.3,16,0.001,74.6778350515464
MFCC+GFCC+LPC,32,256,0.2,0.3,16,0.0001,69.0721649484536
MFCC+GFCC+LPC,32,256,0.2,0.3,32,0.01,68.29896907216495
MFCC+GFCC+LPC,32,256,0.2,0.3,32,0.001,73.32474226804123
MFCC+GFCC+LPC,32,256,0.2,0.3,32,0.0001,68.1701030927835
MFCC+GFCC+LPC,32,256,0.2,0.3,64,0.01,68.29896907216495
MFCC+GFCC+LPC,32,256,0.2,0.3,64,0.001,69.90979381443299
MFCC+GFCC+LPC,32,256,0.2,0.3,64,0.0001,68.29896907216495
MFCC+GFCC+LPC,32,256,0.2,0.4,16,0.01,68.29896907216495
MFCC+GFCC+LPC,32,256,0.2,0.4,16,0.001,72.6159793814433
MFCC+GFCC+LPC,32,256,0.2,0.4,16,0.0001,69.3298969072165
MFCC+GFCC+LPC,32,256,0.2,0.4,32,0.01,68.29896907216495
MFCC+GFCC+LPC,32,256,0.2,0.4,32,0.001,73.71134020618557
MFCC+GFCC+LPC,32,256,0.2,0.4,32,0.0001,68.75
MFCC+GFCC+LPC,32,256,0.2,0.4,64,0.01,68.29896907216495
MFCC+GFCC+LPC,32,256,0.2,0.4,64,0.001,72.29381443298969
MFCC+GFCC+LPC,32,256,0.2,0.4,64,0.0001,68.49226804123711
MFCC+GFCC+LPC,32,256,0.3,0.3,16,0.01,68.29896907216495
MFCC+GFCC+LPC,32,256,0.3,0.3,16,0.001,75.06443298969072
MFCC+GFCC+LPC,32,256,0.3,0.3,16,0.0001,68.94329896907216
MFCC+GFCC+LPC,32,256,0.3,0.3,32,0.01,68.29896907216495
MFCC+GFCC+LPC,32,256,0.3,0.3,32,0.001,72.48711340206185
MFCC+GFCC+LPC,32,256,0.3,0.3,32,0.0001,67.65463917525773
MFCC+GFCC+LPC,32,256,0.3,0.3,64,0.01,68.29896907216495
MFCC+GFCC+LPC,32,256,0.3,0.3,64,0.001,71.45618556701031
MFCC+GFCC+LPC,32,256,0.3,0.3,64,0.0001,68.29896907216495
MFCC+GFCC+LPC,32,256,0.3,0.4,16,0.01,68.29896907216495
MFCC+GFCC+LPC,32,256,0.3,0.4,16,0.001,71.58505154639175
MFCC+GFCC+LPC,32,256,0.3,0.4,16,0.0001,68.23453608247422
MFCC+GFCC+LPC,32,256,0.3,0.4,32,0.01,70.03865979381443
MFCC+GFCC+LPC,32,256,0.3,0.4,32,0.001,69.6520618556701
MFCC+GFCC+LPC,32,256,0.3,0.4,32,0.0001,68.29896907216495
MFCC+GFCC+LPC,32,256,0.3,0.4,64,0.01,68.29896907216495
MFCC+GFCC+LPC,32,256,0.3,0.4,64,0.001,70.23195876288659
MFCC+GFCC+LPC,32,256,0.3,0.4,64,0.0001,68.29896907216495
MFCC+GFCC+LPC,64,64,0.2,0.3,16,0.01,68.29896907216495
MFCC+GFCC+LPC,64,64,0.2,0.3,16,0.001,71.06958762886597
MFCC+GFCC+LPC,64,64,0.2,0.3,16,0.0001,68.36340206185567
MFCC+GFCC+LPC,64,64,0.2,0.3,32,0.01,68.29896907216495
MFCC+GFCC+LPC,64,64,0.2,0.3,32,0.001,70.74742268041237
MFCC+GFCC+LPC,64,64,0.2,0.3,32,0.0001,68.36340206185567
MFCC+GFCC+LPC,64,64,0.2,0.3,64,0.01,68.29896907216495
MFCC+GFCC+LPC,64,64,0.2,0.3,64,0.001,68.55670103092784
MFCC+GFCC+LPC,64,64,0.2,0.3,64,0.0001,68.29896907216495
MFCC+GFCC+LPC,64,64,0.2,0.4,16,0.01,68.29896907216495
MFCC+GFCC+LPC,64,64,0.2,0.4,16,0.001,70.8118556701031
MFCC+GFCC+LPC,64,64,0.2,0.4,16,0.0001,67.97680412371135
MFCC+GFCC+LPC,64,64,0.2,0.4,32,0.01,68.29896907216495
MFCC+GFCC+LPC,64,64,0.2,0.4,32,0.001,71.26288659793815
MFCC+GFCC+LPC,64,64,0.2,0.4,32,0.0001,68.29896907216495
MFCC+GFCC+LPC,64,64,0.2,0.4,64,0.01,68.29896907216495
MFCC+GFCC+LPC,64,64,0.2,0.4,64,0.001,69.58762886597938
MFCC+GFCC+LPC,64,64,0.2,0.4,64,0.0001,68.29896907216495
MFCC+GFCC+LPC,64,64,0.3,0.3,16,0.01,68.29896907216495
MFCC+GFCC+LPC,64,64,0.3,0.3,16,0.001,74.6778350515464
MFCC+GFCC+LPC,64,64,0.3,0.3,16,0.0001,68.94329896907216
MFCC+GFCC+LPC,64,64,0.3,0.3,32,0.01,68.29896907216495
MFCC+GFCC+LPC,64,64,0.3,0.3,32,0.001,70.29639175257732
MFCC+GFCC+LPC,64,64,0.3,0.3,32,0.0001,68.29896907216495
MFCC+GFCC+LPC,64,64,0.3,0.3,64,0.01,68.29896907216495
MFCC+GFCC+LPC,64,64,0.3,0.3,64,0.001,69.6520618556701
MFCC+GFCC+LPC,64,64,0.3,0.3,64,0.0001,67.46134020618557
MFCC+GFCC+LPC,64,64,0.3,0.4,16,0.01,68.29896907216495
MFCC+GFCC+LPC,64,64,0.3,0.4,16,0.001,73.06701030927834
MFCC+GFCC+LPC,64,64,0.3,0.4,16,0.0001,68.68556701030928
MFCC+GFCC+LPC,64,64,0.3,0.4,32,0.01,70.94072164948453
MFCC+GFCC+LPC,64,64,0.3,0.4,32,0.001,73.13144329896907
MFCC+GFCC+LPC,64,64,0.3,0.4,32,0.0001,67.97680412371135
MFCC+GFCC+LPC,64,64,0.3,0.4,64,0.01,68.29896907216495
MFCC+GFCC+LPC,64,64,0.3,0.4,64,0.001,71.58505154639175
MFCC+GFCC+LPC,64,64,0.3,0.4,64,0.0001,68.29896907216495
MFCC+GFCC+LPC,64,128,0.2,0.3,16,0.01,72.0360824742268
MFCC+GFCC+LPC,64,128,0.2,0.3,16,0.001,71.3917525773196
MFCC+GFCC+LPC,64,128,0.2,0.3,16,0.0001,69.3298969072165
MFCC+GFCC+LPC,64,128,0.2,0.3,32,0.01,68.29896907216495
MFCC+GFCC+LPC,64,128,0.2,0.3,32,0.001,70.94072164948453
MFCC+GFCC+LPC,64,128,0.2,0.3,32,0.0001,68.4278350515464
MFCC+GFCC+LPC,64,128,0.2,0.3,64,0.01,68.29896907216495
MFCC+GFCC+LPC,64,128,0.2,0.3,64,0.001,69.13659793814433
MFCC+GFCC+LPC,64,128,0.2,0.3,64,0.0001,68.29896907216495
MFCC+GFCC+LPC,64,128,0.2,0.4,16,0.01,68.29896907216495
MFCC+GFCC+LPC,64,128,0.2,0.4,16,0.001,74.16237113402062
MFCC+GFCC+LPC,64,128,0.2,0.4,16,0.0001,68.81443298969072
MFCC+GFCC+LPC,64,128,0.2,0.4,32,0.01,68.29896907216495
MFCC+GFCC+LPC,64,128,0.2,0.4,32,0.001,72.22938144329896
MFCC+GFCC+LPC,64,128,0.2,0.4,32,0.0001,68.29896907216495
MFCC+GFCC+LPC,64,128,0.2,0.4,64,0.01,68.29896907216495
MFCC+GFCC+LPC,64,128,0.2,0.4,64,0.001,70.23195876288659
MFCC+GFCC+LPC,64,128,0.2,0.4,64,0.0001,68.29896907216495
MFCC+GFCC+LPC,64,128,0.3,0.3,16,0.01,68.29896907216495
MFCC+GFCC+LPC,64,128,0.3,0.3,16,0.001,74.93556701030928
MFCC+GFCC+LPC,64,128,0.3,0.3,16,0.0001,68.4278350515464
MFCC+GFCC+LPC,64,128,0.3,0.3,32,0.01,68.29896907216495
MFCC+GFCC+LPC,64,128,0.3,0.3,32,0.001,71.45618556701031
MFCC+GFCC+LPC,64,128,0.3,0.3,32,0.0001,68.49226804123711
MFCC+GFCC+LPC,64,128,0.3,0.3,64,0.01,68.29896907216495
MFCC+GFCC+LPC,64,128,0.3,0.3,64,0.001,70.16752577319588
MFCC+GFCC+LPC,64,128,0.3,0.3,64,0.0001,68.29896907216495
MFCC+GFCC+LPC,64,128,0.3,0.4,16,0.01,68.29896907216495
MFCC+GFCC+LPC,64,128,0.3,0.4,16,0.001,74.74226804123711
MFCC+GFCC+LPC,64,128,0.3,0.4,16,0.0001,69.97422680412372
MFCC+GFCC+LPC,64,128,0.3,0.4,32,0.01,68.29896907216495
MFCC+GFCC+LPC,64,128,0.3,0.4,32,0.001,71.00515463917526
MFCC+GFCC+LPC,64,128,0.3,0.4,32,0.0001,68.36340206185567
MFCC+GFCC+LPC,64,128,0.3,0.4,64,0.01,68.29896907216495
MFCC+GFCC+LPC,64,128,0.3,0.4,64,0.001,70.68298969072166
MFCC+GFCC+LPC,64,128,0.3,0.4,64,0.0001,66.94587628865979
MFCC+GFCC+LPC,64,256,0.2,0.3,16,0.01,68.29896907216495
MFCC+GFCC+LPC,64,256,0.2,0.3,16,0.001,71.97164948453609
MFCC+GFCC+LPC,64,256,0.2,0.3,16,0.0001,69.26546391752578
MFCC+GFCC+LPC,64,256,0.2,0.3,32,0.01,68.29896907216495
MFCC+GFCC+LPC,64,256,0.2,0.3,32,0.001,72.3582474226804
MFCC+GFCC+LPC,64,256,0.2,0.3,32,0.0001,68.81443298969072
MFCC+GFCC+LPC,64,256,0.2,0.3,64,0.01,68.29896907216495
MFCC+GFCC+LPC,64,256,0.2,0.3,64,0.001,72.16494845360825
MFCC+GFCC+LPC,64,256,0.2,0.3,64,0.0001,68.75
MFCC+GFCC+LPC,64,256,0.2,0.4,16,0.01,68.29896907216495
MFCC+GFCC+LPC,64,256,0.2,0.4,16,0.001,75.51546391752578
MFCC+GFCC+LPC,64,256,0.2,0.4,16,0.0001,69.39432989690722
MFCC+GFCC+LPC,64,256,0.2,0.4,32,0.01,68.29896907216495
MFCC+GFCC+LPC,64,256,0.2,0.4,32,0.001,71.7139175257732
MFCC+GFCC+LPC,64,256,0.2,0.4,32,0.0001,68.29896907216495
MFCC+GFCC+LPC,64,256,0.2,0.4,64,0.01,68.29896907216495
MFCC+GFCC+LPC,64,256,0.2,0.4,64,0.001,70.48969072164948
MFCC+GFCC+LPC,64,256,0.2,0.4,64,0.0001,68.36340206185567
MFCC+GFCC+LPC,64,256,0.3,0.3,16,0.01,68.29896907216495
MFCC+GFCC+LPC,64,256,0.3,0.3,16,0.001,75.25773195876289
MFCC+GFCC+LPC,64,256,0.3,0.3,16,0.0001,70.23195876288659
MFCC+GFCC+LPC,64,256,0.3,0.3,32,0.01,68.29896907216495
MFCC+GFCC+LPC,64,256,0.3,0.3,32,0.001,73.77577319587628
MFCC+GFCC+LPC,64,256,0.3,0.3,32,0.0001,69.58762886597938
MFCC+GFCC+LPC,64,256,0.3,0.3,64,0.01,68.29896907216495
MFCC+GFCC+LPC,64,256,0.3,0.3,64,0.001,71.7139175257732
MFCC+GFCC+LPC,64,256,0.3,0.3,64,0.0001,68.87886597938144
MFCC+GFCC+LPC,64,256,0.3,0.4,16,0.01,68.29896907216495
MFCC+GFCC+LPC,64,256,0.3,0.4,16,0.001,73.64690721649484
MFCC+GFCC+LPC,64,256,0.3,0.4,16,0.0001,69.6520618556701
MFCC+GFCC+LPC,64,256,0.3,0.4,32,0.01,68.29896907216495
MFCC+GFCC+LPC,64,256,0.3,0.4,32,0.001,74.74226804123711
MFCC+GFCC+LPC,64,256,0.3,0.4,32,0.0001,68.68556701030928
MFCC+GFCC+LPC,64,256,0.3,0.4,64,0.01,68.29896907216495
MFCC+GFCC+LPC,64,256,0.3,0.4,64,0.001,69.3298969072165
MFCC+GFCC+LPC,64,256,0.3,0.4,64,0.0001,68.29896907216495
MFCC+GFCC+LPC,128,64,0.2,0.3,16,0.01,68.29896907216495
MFCC+GFCC+LPC,128,64,0.2,0.3,16,0.001,71.19845360824742
MFCC+GFCC+LPC,128,64,0.2,0.3,16,0.0001,69.71649484536083
MFCC+GFCC+LPC,128,64,0.2,0.3,32,0.01,68.29896907216495
MFCC+GFCC+LPC,128,64,0.2,0.3,32,0.001,71.3917525773196
MFCC+GFCC+LPC,128,64,0.2,0.3,32,0.0001,68.49226804123711
MFCC+GFCC+LPC,128,64,0.2,0.3,64,0.01,68.29896907216495
MFCC+GFCC+LPC,128,64,0.2,0.3,64,0.001,67.8479381443299
MFCC+GFCC+LPC,128,64,0.2,0.3,64,0.0001,68.4278350515464
MFCC+GFCC+LPC,128,64,0.2,0.4,16,0.01,68.29896907216495
MFCC+GFCC+LPC,128,64,0.2,0.4,16,0.001,69.78092783505154
MFCC+GFCC+LPC,128,64,0.2,0.4,16,0.0001,69.84536082474227
MFCC+GFCC+LPC,128,64,0.2,0.4,32,0.01,68.29896907216495
MFCC+GFCC+LPC,128,64,0.2,0.4,32,0.001,69.52319587628865
MFCC+GFCC+LPC,128,64,0.2,0.4,32,0.0001,69.39432989690722
MFCC+GFCC+LPC,128,64,0.2,0.4,64,0.01,68.29896907216495
MFCC+GFCC+LPC,128,64,0.2,0.4,64,0.001,66.6881443298969
MFCC+GFCC+LPC,128,64,0.2,0.4,64,0.0001,68.29896907216495
MFCC+GFCC+LPC,128,64,0.3,0.3,16,0.01,68.29896907216495
MFCC+GFCC+LPC,128,64,0.3,0.3,16,0.001,70.36082474226804
MFCC+GFCC+LPC,128,64,0.3,0.3,16,0.0001,70.16752577319588
MFCC+GFCC+LPC,128,64,0.3,0.3,32,0.01,68.29896907216495
MFCC+GFCC+LPC,128,64,0.3,0.3,32,0.001,70.36082474226804
MFCC+GFCC+LPC,128,64,0.3,0.3,32,0.0001,68.36340206185567
MFCC+GFCC+LPC,128,64,0.3,0.3,64,0.01,68.29896907216495
MFCC+GFCC+LPC,128,64,0.3,0.3,64,0.001,68.04123711340206
MFCC+GFCC+LPC,128,64,0.3,0.3,64,0.0001,68.36340206185567
MFCC+GFCC+LPC,128,64,0.3,0.4,16,0.01,68.29896907216495
MFCC+GFCC+LPC,128,64,0.3,0.4,16,0.001,68.55670103092784
MFCC+GFCC+LPC,128,64,0.3,0.4,16,0.0001,69.6520618556701
MFCC+GFCC+LPC,128,64,0.3,0.4,32,0.01,68.29896907216495
MFCC+GFCC+LPC,128,64,0.3,0.4,32,0.001,64.23969072164948
MFCC+GFCC+LPC,128,64,0.3,0.4,32,0.0001,69.00773195876289
MFCC+GFCC+LPC,128,64,0.3,0.4,64,0.01,68.29896907216495
MFCC+GFCC+LPC,128,64,0.3,0.4,64,0.001,68.49226804123711
MFCC+GFCC+LPC,128,64,0.3,0.4,64,0.0001,68.29896907216495
MFCC+GFCC+LPC,128,128,0.2,0.3,16,0.01,68.29896907216495
MFCC+GFCC+LPC,128,128,0.2,0.3,16,0.001,72.9381443298969
MFCC+GFCC+LPC,128,128,0.2,0.3,16,0.0001,68.87886597938144
MFCC+GFCC+LPC,128,128,0.2,0.3,32,0.01,68.29896907216495
MFCC+GFCC+LPC,128,128,0.2,0.3,32,0.001,70.16752577319588
MFCC+GFCC+LPC,128,128,0.2,0.3,32,0.0001,69.97422680412372
MFCC+GFCC+LPC,128,128,0.2,0.3,64,0.01,68.29896907216495
MFCC+GFCC+LPC,128,128,0.2,0.3,64,0.001,68.4278350515464
MFCC+GFCC+LPC,128,128,0.2,0.3,64,0.0001,69.26546391752578
MFCC+GFCC+LPC,128,128,0.2,0.4,16,0.01,68.29896907216495
MFCC+GFCC+LPC,128,128,0.2,0.4,16,0.001,73.51804123711341
MFCC+GFCC+LPC,128,128,0.2,0.4,16,0.0001,71.19845360824742
MFCC+GFCC+LPC,128,128,0.2,0.4,32,0.01,68.29896907216495
MFCC+GFCC+LPC,128,128,0.2,0.4,32,0.001,68.81443298969072
MFCC+GFCC+LPC,128,128,0.2,0.4,32,0.0001,68.75
MFCC+GFCC+LPC,128,128,0.2,0.4,64,0.01,68.29896907216495
MFCC+GFCC+LPC,128,128,0.2,0.4,64,0.001,68.23453608247422
MFCC+GFCC+LPC,128,128,0.2,0.4,64,0.0001,68.4278350515464
MFCC+GFCC+LPC,128,128,0.3,0.3,16,0.01,68.29896907216495
MFCC+GFCC+LPC,128,128,0.3,0.3,16,0.001,69.00773195876289
MFCC+GFCC+LPC,128,128,0.3,0.3,16,0.0001,71.45618556701031
MFCC+GFCC+LPC,128,128,0.3,0.3,32,0.01,68.29896907216495
MFCC+GFCC+LPC,128,128,0.3,0.3,32,0.001,69.20103092783505
MFCC+GFCC+LPC,128,128,0.3,0.3,32,0.0001,69.39432989690722
MFCC+GFCC+LPC,128,128,0.3,0.3,64,0.01,68.29896907216495
MFCC+GFCC+LPC,128,128,0.3,0.3,64,0.001,68.23453608247422
MFCC+GFCC+LPC,128,128,0.3,0.3,64,0.0001,68.49226804123711
MFCC+GFCC+LPC,128,128,0.3,0.4,16,0.01,68.29896907216495
MFCC+GFCC+LPC,128,128,0.3,0.4,16,0.001,73.64690721649484
MFCC+GFCC+LPC,128,128,0.3,0.4,16,0.0001,69.20103092783505
MFCC+GFCC+LPC,128,128,0.3,0.4,32,0.01,66.6881443298969
MFCC+GFCC+LPC,128,128,0.3,0.4,32,0.001,69.13659793814433
MFCC+GFCC+LPC,128,128,0.3,0.4,32,0.0001,69.13659793814433
MFCC+GFCC+LPC,128,128,0.3,0.4,64,0.01,68.29896907216495
MFCC+GFCC+LPC,128,128,0.3,0.4,64,0.001,68.36340206185567
MFCC+GFCC+LPC,128,128,0.3,0.4,64,0.0001,68.55670103092784
MFCC+GFCC+LPC,128,256,0.2,0.3,16,0.01,68.29896907216495
MFCC+GFCC+LPC,128,256,0.2,0.3,16,0.001,69.26546391752578
MFCC+GFCC+LPC,128,256,0.2,0.3,16,0.0001,70.42525773195877
MFCC+GFCC+LPC,128,256,0.2,0.3,32,0.01,68.29896907216495
MFCC+GFCC+LPC,128,256,0.2,0.3,32,0.001,71.06958762886597
MFCC+GFCC+LPC,128,256,0.2,0.3,32,0.0001,70.55412371134021
MFCC+GFCC+LPC,128,256,0.2,0.3,64,0.01,68.29896907216495
MFCC+GFCC+LPC,128,256,0.2,0.3,64,0.001,68.29896907216495
MFCC+GFCC+LPC,128,256,0.2,0.3,64,0.0001,69.20103092783505
MFCC+GFCC+LPC,128,256,0.2,0.4,16,0.01,68.29896907216495
MFCC+GFCC+LPC,128,256,0.2,0.4,16,0.001,73.13144329896907
MFCC+GFCC+LPC,128,256,0.2,0.4,16,0.0001,71.84278350515464
MFCC+GFCC+LPC,128,256,0.2,0.4,32,0.01,68.68556701030928
MFCC+GFCC+LPC,128,256,0.2,0.4,32,0.001,70.10309278350516
MFCC+GFCC+LPC,128,256,0.2,0.4,32,0.0001,70.8118556701031
MFCC+GFCC+LPC,128,256,0.2,0.4,64,0.01,68.29896907216495
MFCC+GFCC+LPC,128,256,0.2,0.4,64,0.001,69.00773195876289
MFCC+GFCC+LPC,128,256,0.2,0.4,64,0.0001,68.68556701030928
MFCC+GFCC+LPC,128,256,0.3,0.3,16,0.01,68.29896907216495
MFCC+GFCC+LPC,128,256,0.3,0.3,16,0.001,75.0
MFCC+GFCC+LPC,128,256,0.3,0.3,16,0.0001,71.45618556701031
MFCC+GFCC+LPC,128,256,0.3,0.3,32,0.01,68.29896907216495
MFCC+GFCC+LPC,128,256,0.3,0.3,32,0.001,71.77835051546391
MFCC+GFCC+LPC,128,256,0.3,0.3,32,0.0001,68.68556701030928
MFCC+GFCC+LPC,128,256,0.3,0.3,64,0.01,68.29896907216495
MFCC+GFCC+LPC,128,256,0.3,0.3,64,0.001,67.91237113402062
MFCC+GFCC+LPC,128,256,0.3,0.3,64,0.0001,68.49226804123711
MFCC+GFCC+LPC,128,256,0.3,0.4,16,0.01,68.29896907216495
MFCC+GFCC+LPC,128,256,0.3,0.4,16,0.001,75.45103092783505
MFCC+GFCC+LPC,128,256,0.3,0.4,16,0.0001,72.48711340206185
MFCC+GFCC+LPC,128,256,0.3,0.4,32,0.01,68.29896907216495
MFCC+GFCC+LPC,128,256,0.3,0.4,32,0.001,71.26288659793815
MFCC+GFCC+LPC,128,256,0.3,0.4,32,0.0001,69.00773195876289
MFCC+GFCC+LPC,128,256,0.3,0.4,64,0.01,68.29896907216495
MFCC+GFCC+LPC,128,256,0.3,0.4,64,0.001,61.08247422680412
MFCC+GFCC+LPC,128,256,0.3,0.4,64,0.0001,68.29896907216495
